"","location","lon","lat"
"1","none",-94.9749643,36.6887111
"2","Mountain View, CA",-122.0838511,37.3860517
"3","New York, NY",-74.0059728,40.7127753
"4","Los Angeles, CA",-118.2436849,34.0522342
"5","San Francisco, CA",-122.4194155,37.7749295
"6","Dearborn, MI",-83.1763145,42.3222599
"7","Sunnyvale, CA",-122.0363496,37.36883
"8","Seattle, WA",-122.3320708,47.6062095
"9","Ann Arbor, MI",-83.7430378,42.2808256
"10","Pittsburgh, PA",-79.9958864,40.4406248
"11","Boulder, CO",-105.2705456,40.0149856
"12","Houston, TX",-95.3698028,29.7604267
"13","Denver, CO",-104.990251,39.7392358
"14","Egypt, AR",-90.9456751,35.8681298
"15","San Bernardino, CA",-117.2897652,34.1083449
"16","India, TX",-96.6161027,32.5251375
"17","Carnegie, PA",-80.0833885,40.4086802
"18","Austin, TX",-97.7430608,30.267153
"19","San Bruno, CA",-122.4110835,37.6304904
"20","Irvine, CA",-117.8265049,33.6845673
"21","Blacksburg, VA",-80.4139393,37.2295733
"22","Chicago, IL",-87.6297982,41.8781136
"23","San Diego, CA",-117.1610838,32.715738
"24","Atlanta, GA",-84.3879824,33.7489954
"25","Cambridge, MA",-71.1097335,42.3736158
"26","San Jose, CA",-121.8863286,37.3382082
"27","Kïhei, HI",-155.5827818,19.8967662
"28","Muskogee, OK",-95.3696909,35.7478769
"29","Pryor, OK",-95.3169136,36.3084275
"30","Fayetteville, TN",-86.5705508,35.1520266
"31","Kirkland, WA",-122.2059833,47.6768927
"32","Palo Alto, CA",-122.1430195,37.4418834
"33","Back Mountain, PA",-75.99667,41.33583
"34","Grayslake, IL",-88.041746,42.3444664
"35","San Antonio, TX",-98.4936282,29.4241219
"36","Dublin, CA",-121.9357918,37.7021521
"37","Washington, DC",-77.0368707,38.9071923
"38","Grapevine, TX",-97.0780654,32.9342919
"39","Emporia, KS",-96.1816626,38.403903
"40","Switzerland, FL",-81.6473132,30.0760748
"41","Miami, FL",-80.1917902,25.7616798
"42","Macungie, PA",-75.5551858,40.5159304
"43","South Bend, IN",-86.2519898,41.6763545
"44","Saint Peters, MO",-90.6298922,38.7874699
"45","Santa Clara, CA",-121.9552356,37.3541079
"46","Pasadena, CA",-118.1445155,34.1477849
"47","Brooklyn, NY",-73.9441579,40.6781784
"48","Louisville, KY",-85.7584557,38.2526647
"49","Phoenix, AZ",-112.0740373,33.4483771
"50","Rowlett, TX",-96.56388,32.9029017
"51","Boston, MA",-71.0588801,42.3600825
"52","Peach Pu, AZ",-112.3170802,32.0609036
"53","Nashville, TN",-86.7816016,36.1626638
"54","No Creek, KY",-86.9583272,37.4806037
"55","Bothell, WA",-122.2054452,47.760111
"56","Kennesaw, GA",-84.6154897,34.0234337
"57","Daytona Beach, FL",-81.0228331,29.2108147
"58","Austell, GA",-84.6343783,33.8126059
"59","Philadelphia, PA",-75.1652215,39.9525839
"60","Waco, TX",-97.1466695,31.549333
"61","Greenville, NC",-77.3663538,35.612661
"62","Lenoir, NC",-81.5389849,35.9140196
"63","Venice, CA",-118.4694832,33.9850469
"64","Avon Lake, OH",-82.0282001,41.5053178
"65","Cal-Vel, NC",-78.9691768,36.4293075
"66","Round Rock, TX",-97.678896,30.5082551
"67","Cupertino, CA",-122.0321823,37.3229978
"68","Riverside, CA",-117.3754942,33.9806005
"69","East Syracuse, NY",-76.0785332,43.0653446
"70","India, TN",78.6568942,11.1271225
"71","Mountain View, Buncombe, NC",-82.350735,35.6181943
"72","Poplar Bluff, MO",-90.392888,36.7569994
"73","Lithia Springs, Douglas, GA",-84.6604899,33.7939953
"74","Kanab, UT",-112.5263145,37.0474855
"75","China, NY",-75.4001772,42.1448051
"76","Research Triangle Park, NC",-78.8636402,35.8991678
"77","El Paso, TX",-106.4850217,31.7618778
"78","Newark, NJ",-74.1723667,40.735657
"79","The Dalles, OR",-121.1786823,45.5945645
"80","Bronx, NY",-73.8648268,40.8447819
"81","McAllen, TX",-98.2300124,26.2034071
"82","Fremont, CA",-121.9885719,37.5482697
"83","Daly City, CA",-122.4702079,37.6879241
"84","Astoria, NY",-73.9234619,40.7643574
"85","Valencia, PA",-79.9895022,40.6747887
"86","Sweeden, KY",-86.2788628,37.2536595
"87","Sausalito, CA",-122.4852507,37.8590937
"88","Santa Monica, CA",-118.4911912,34.0194543
"89","San Ramon, CA",-121.9780153,37.7799273
"90","Grand Blanc, MI",-83.6299518,42.9275277
"91","Lincoln, NE",-96.7025955,40.813616
"92","Madison, WI",-89.4012302,43.0730517
"93","Pitts, PA",-79.9958864,40.4406248
"94","Moncks Corner, SC",-80.0131374,33.1960027
"95","Columbus, OH",-82.9987942,39.9611755
"96","Omaha, NE",-95.9345034,41.2565369
"97","Pom-o-sa Heights, MO",-93.3982394,38.1761251
"98","Germany, GA",-83.4665495,34.895926
"99","Reston, VA",-77.3570028,38.9586307
"100","Milpitas, CA",-121.8995741,37.4323341
"101","Saint Louis, MO",-90.1994042,38.6270025
"102","Walnut Creek, CA",-122.0651819,37.9100783
"103","Redmond, WA",-122.121512,47.6739881
"104","Munich, ND",-98.8326308,48.669174
"105","Lexington, MA",-71.2271531,42.4473497
"106","Pittsburg, CA",-121.8846806,38.0279762
"107","Sacramento, CA",-121.4943996,38.5815719
"108","Iselin, NJ",-74.3223703,40.5753817
"109","Urbana, IL",-88.2072697,40.1105875
"110","Portland, OR",-122.6587185,45.5122308
"111","Issaquah, WA",-122.0326191,47.5301011
"112","Austin, IN",-85.8059582,38.7415038
"113","Salt Lake City, UT",-111.8910474,40.7607793
"114","Green Bay, WI",-88.0132958,44.5133188
"115","Princeton, NJ",-74.6672226,40.3572976
"116","Buffalo, NY",-78.8783689,42.8864468
"117","Oakland, CA",-122.2711137,37.8043637
"118","Midland Park, NJ",-74.1406988,40.9892643
"119","West Palm Beach, FL",-80.0533746,26.7153424
"120","San Mateo, CA",-122.3255254,37.5629917
"121","Concord, CA",-122.0310733,37.9779776
"122","Castro Valley, CA",-122.0863522,37.6940973
"123","Foster City, CA",-122.2710788,37.5585465
"124","Newton, MA",-71.2092214,42.3370413
"125","Santa Clarita, CA",-118.542586,34.3916641
"126","Mountain View Acres, CA",-117.3489352,34.496663
"127","College Station, TX",-96.3344068,30.627977
"128","South San Francisco, CA",-122.4077498,37.654656
"129","Mount Vernon, NY",-73.8370786,40.9125992
"130","Alameda, CA",-122.2416355,37.7652065
"131","Virginia Beach, VA",-75.977985,36.8529263
"132","East Brunswick, NJ",-74.4049778,40.4316955
"133","Earth, TX",-102.4107493,34.2331373
"134","Winthrop, MA",-70.9862693,42.374776
"135","Chandler, AZ",-111.8412502,33.3061605
"136","San Carlos, CA",-122.2605222,37.5071591
"137","Westborough, MA",-71.6161294,42.2695216
"138","Redwood City, CA",-122.2363548,37.4852152
"139","Dallas, TX",-96.7969879,32.7766642
"140","Greenbrae, CA",-122.5252604,37.9476326
"141","Hoboken, NJ",-74.0323626,40.7439905
"142","Belmont, CA",-122.2758008,37.5202145
"143","Lighthouse Point, Broward, FL",-80.0872654,26.275636
"144","Brazil, IN",-87.1250154,39.523652
"145","Baltimore, MD",-76.6121893,39.2903848
"146","Minneapolis, MN",-93.2650108,44.977753
"147","Tempe, AZ",-111.9400054,33.4255104
"148","Meridian, MS",-88.703656,32.3643098
"149","Dallas, GA",-84.8413056,33.9244531
"150","Paterson, NJ",-74.171811,40.9167654
"151","Raleigh, NC",-78.6381787,35.7795897
"152","Fort Collins, CO",-105.084423,40.5852602
"153","Celebration, FL",-81.5407793,28.3188815
"154","Alto, TX",-95.0727175,31.6504546
"155","Mountain, WV",-80.9103853,39.3620241
"156","Calif City, CA",-117.9859038,35.125801
"157","Council Bluffs, IA",-95.8608333,41.2619444
"158","Edith, GA",-82.551241,30.678551
"159","Mont Alto, PA",-77.5583232,39.8442593
"160","Kansas City, MO",-94.5785667,39.0997265
"161","Sea Cliff, NY",-73.6448505,40.8489887
"162","Chicago, WI",-89.84417,45.04722
"163","Berkeley, CA",-122.272747,37.8715926
"164","Iowa City, IA",-91.5301683,41.6611277
"165","Melbourne, FL",-80.6081089,28.0836269
"166","Park City, UT",-111.4979729,40.6460622
"167","Cleveland, GA",-83.7632366,34.5970402
"168","Milwaukee, WI",-87.9064736,43.0389025
"169","Tampa, FL",-82.4571776,27.950575
"170","New York, MO",-93.9266502,39.6475464
"171","South Plainfield, NJ",-74.4115401,40.5792701
"172","Ypsilanti, MI",-83.6129939,42.2411499
"173","Sicily Island, LA",-91.6562354,31.8465511
"174","Thornton, CO",-104.9719243,39.8680412
"175","New York Mls, MN",-95.3761465,46.518016
"176","Burbank, CA",-118.3089661,34.1808392
"177","Zürich (Switzerland)",8.541694,47.3768866
"178","Dublin, Co. Dublin (Ireland)",-6.2603097,53.3498053
"179","London, England (UK)",-0.1277583,51.5073509
"180","Singapore (Singapore)",103.819836,1.352083
"181","Gurgaon, Haryana (India)",77.0266383,28.4594965
"182","Toronto, ON (Canada)",-79.3831843,43.653226
"183","Surat (India)",72.8310607,21.1702401
"184","Hyderabad (India)",78.486671,17.385044
"185","Wrocław (Poland)",NA,NA
"186","São Paulo, São Paulo (Brazil)",-46.6333094,-23.5505199
"187","Stockholm, Stockholm (Sweden)",18.0685808,59.3293235
"188","Taipei (Taiwan)",121.5654177,25.0329694
"189","New Delhi (India)",77.2090212,28.6139391
"190","Buenos Aires (Argentina)",-58.3815591,-34.6036844
"191","Bengaluru (India)",77.5945627,12.9715987
"192","Shanghai, Shanghai (China)",121.4737021,31.2303904
"193","Sydney (Australia)",151.2092955,-33.8688197
"194","Rae Bareli (India)",81.2408689,26.2345298
"195","Jakarta (Indonesia)",106.845599,-6.2087634
"196","Tel Aviv-Yafo (Israel)",34.7817676,32.0852999
"197","Dhaka (Bangladesh)",90.4125181,23.810332
"198","Georgetown (Guyana)",-58.1551255,6.8012793
"199","Tokyo (Japan)",139.6917064,35.6894875
"200","Karnal (India)",76.9904825,29.6856929
"201","Seoul (South Korea)",126.9779692,37.566535
"202","Mumbai (India)",72.8776559,19.0759837
"203","Mecca (Saudi Arabia)",39.8579118,21.3890824
"204","Shenzhen, Guangdong (China)",114.057865,22.543096
"205","Jaipur, Rajasthan (India)",75.7872709,26.9124336
"206","Tindouf (Algeria)",-8.1276526,27.6761012
"207","Belo Horizonte, Minas Gerais (Brazil)",-43.9344931,-19.9166813
"208","Madrid (Spain)",-3.7037902,40.4167754
"209","All Stretton, England (UK)",-2.796974,52.554179
"210","Ţanţā (Egypt)",NA,NA
"211","Kigali, Kigali (Rwanda)",30.1044288,-1.9705786
"212","Cachar (India)",92.8577105,24.7821253
"213","Ouagadougou (Burkina Faso)",-1.5196603,12.3714277
"214","Yellowstone, AB (Canada)",-114.380707,53.733542
"215","Kuala Lumpur (Malaysia)",101.686855,3.139003
"216","Doha (Qatar)",51.5310398,25.2854473
"217","Mexico, Distrito Federal (Mexico)",-99.133208,19.4326077
"218","Paris (France)",2.3522219,48.856614
"219","Glasgow, Scotland (UK)",-4.251806,55.864237
"220","Munich, Bayern (Germany)",11.5819805,48.1351253
"221","Syktyvkar (Russia)",50.8339029,61.6478508
"222","Coimbatore (India)",76.9558321,11.0168445
"223","Mexico City (Mexico)",-99.133208,19.4326077
"224","Berlin (Germany)",13.404954,52.5200066
"225","Moscow (Russia)",37.6172999,55.755826
"226","Belapur (India)",73.0351138,19.0300657
"227","Warsaw (Poland)",21.0122287,52.2296756
"228","Nagpur, Maharashtra (India)",79.0881546,21.1458004
"229","Ciudad Guayana (Venezuela)",-62.6496813,8.3663119
"230","Hanoi (Vietnam)",105.8341598,21.0277644
"231","Milano (Italy)",9.189982,45.4642035
"232","Karimnagar, Telangana (India)",79.1288412,18.4385553
"233","Pune City (India)",73.8567437,18.5204303
"234","Curitiba (Brazil)",-49.3044253,-25.4808762
"235","Warangal (India)",79.5940544,17.9689008
"236","Bhubaneswar (India)",85.8245398,20.2960587
"237","Chennai (India)",80.2707184,13.0826802
"238","Kolkata (India)",88.363895,22.572646
"239","All Saints (South Africa)",25.4974618,-33.9455059
"240","Clapham, London, England (UK)",-0.13857,51.46231
"241","Manila, Manila (Philippines)",120.9842195,14.5995124
"242","Hong Kong (Hong Kong)",114.109497,22.396428
"243","Noida (India)",77.3910265,28.5355161
"244","Germ (France)",0.425912,42.793296
"245","Lucknow (India)",80.946166,26.8466937
"246","Prague (Czech Republic)",14.4378005,50.0755381
"247","Yaba, Lagos (Nigeria)",3.3710936,6.5095442
"248","Peshāwar (Pakistan)",NA,NA
"249","Kochi (India)",76.2673041,9.9312328
"250","Lahore (Pakistan)",74.3587473,31.5203696
"251","Mayfair, England (UK)",-0.147806,51.5116269
"252","Santiago (Chile)",-70.6692655,-33.4488897
"253","Greater Noida (India)",77.5039904,28.4743879
"254","Liffol-le-Grand (France)",5.581518,48.316803
"255","Mīrpur, Azad Kashmir (Pakistan)",73.7810334,33.9259055
"256","Istanbul (Turkey)",28.9783589,41.0082376
"257","Joura (India)",77.8072373,26.3440501
"258","Mountain Ash, Wales (UK)",-3.373141,51.681615
"259","Amsterdam (Netherlands)",4.9035614,52.3679843
"260","Bogotá, Bogota (Colombia)",-74.072092,4.7109886
"261","Dibrugarh (India)",94.9119621,27.4728327
"262","Taguig (Philippines)",121.0508645,14.5176184
"263","Visakhapatnam (India)",83.2184815,17.6868159
"264","Karāchi (Pakistan)",NA,NA
"265","Taiz, Ta'izz (Yemen)",44.0177989,13.5775886
"266","Rāwalpindi (Pakistan)",NA,NA
"267","Ben Arous (Tunisia)",10.2319757,36.7435003
"268","Nairobi (Kenya)",36.8219462,-1.2920659
"269","Lviv (Ukraine)",24.029717,49.839683
"270","SanFrancisco (Venezuela)",-71.691066,10.5451205
"271","Dombivli (India)",73.0939483,19.2094006
"272","Lonavala (India)",73.4062342,18.7546171
"273","Thrissur (India)",76.2144349,10.5276416
"274","Taichung (Taiwan)",120.6736482,24.1477358
"275","LakshmÄ«pur, Chittagong (Bangladesh)",91.7831819,22.356851
"276","Kozhikode, Kerala (India)",75.78041,11.2587531
"277","Hamburg (Germany)",9.9936819,53.5510846
"278","Montreal, QC (Canada)",-73.567256,45.5016889
"279","Tijuana, Baja California (Mexico)",-117.0382471,32.5149469
"280","Priština (Serbia)",21.005859,44.016521
"281","Cairo (Egypt)",31.2357116,30.0444196
"282","Dubai (United Arab Emirates)",55.2707828,25.2048493
"283","Riyadh (Saudi Arabia)",46.6752957,24.7135517
"284","Ottawa, ON (Canada)",-75.6971931,45.4215296
"285","Semarang, Central Java (Indonesia)",110.4381254,-7.0051453
"286","Alwarpet (India)",80.2505179,13.0336433
"287","Gurganwamustkil (India)",79.1266288,28.4287948
"288","Castleblayney (Ireland)",-6.7397374,54.120659
"289","South West (India)",77.1461396,12.2601557
"290","Melbourne (Australia)",144.9630576,-37.8136276
"291","Varanasi (India)",82.9739144,25.3176452
"292","Samut Prakan (Thailand)",100.5998319,13.5990961
"293","Sakai, Osaka (Japan)",135.482998,34.573262
"294","Thessaloníki (Greece)",22.9444191,40.6400629
"295","Ahmedabad (India)",72.5713621,23.022505
"296","Budapest (Hungary)",19.040235,47.497912
"297","Algiers (Algeria)",3.0587561,36.753768
"298","East London (South Africa)",27.8545867,-33.0291582
"299","Mombasa (Kenya)",39.6682065,-4.0434771
"300","Ealing, England (UK)",-0.3415002,51.5250257
"301","Milan (Italy)",9.189982,45.4642035
"302","Erbil (Iraq)",44.0088697,36.2062933
"303","Vancouver, BC (Canada)",-123.1207375,49.2827291
"304","Waterloo, ON (Canada)",-80.5204096,43.4642578
"305","Paki, Kano (Nigeria)",8.1543407,11.500073
"306","Lübeck (Germany)",10.6865593,53.8654673
"307","Beirut (Lebanon)",35.5017767,33.8937913
"308","Athens (Greece)",23.7275388,37.9838096
"309","Nanaimo, BC (Canada)",-123.9400648,49.1658836
"310","Pune (India)",73.8567437,18.5204303
"311","Champs-Sur-Marne (France)",2.602651,48.852775
"312","Bucharest (Romania)",26.1025384,44.4267674
"313","Beijing, Beijing (China)",116.4073963,39.9041999
"314","Indore (India)",75.8577258,22.7195687
"315","Bhilwara (India)",74.586953,25.321377
"316","Colombo (Sri Lanka)",79.861243,6.9270786
"317","Tehran, Tehran (Iran)",51.3889736,35.6891975
"318","Londo (Democratic Republic of Congo)",-77.0406,38.904088
"319","Germa (Nigeria)",3.4058197,6.4395563
"320","Secunderabad (India)",78.4982741,17.4399295
"321","Durban (South Africa)",31.0218404,-29.8586804
"322","Lingfield, England (UK)",-0.014126,51.176981
"323","Mar Menor (Spain)",-0.7859585,37.7701555
"324","Satara (India)",74.018261,17.6804639
"325","Indi, Karnataka (India)",75.9554927,17.1751648
"326","Uiwang (South Korea)",126.9683104,37.344701
"327","Pyrmont (Australia)",151.1956918,-33.8737167
"328","Birmingham, England (UK)",-1.890401,52.486243
"329","Abha (Saudi Arabia)",42.5117238,18.2464685
"330","Binyamina (Israel)",34.955096,32.517078
"331","Montaïn, Midi-Pyrenees (France)",3.2827625,43.8927232
"332","Kraków (Poland)",19.9449799,50.0646501
"333","Sofia (Bulgaria)",23.3218675,42.6977082
"334","Saint Petersburg (Russia)",30.3350986,59.9342802
"335","Piracicaba, São Paulo (Brazil)",-47.8427298,-22.7626467
"336","Guadalajara, Jalisco (Mexico)",-103.3496092,20.6596988
"337","London, ON (Canada)",-81.2452768,42.9849233
"338","Māri Indus (Pakistan)",NA,NA
"339","Bangkok (Thailand)",100.5017651,13.7563309
"340","Any-Martin-Rieux (France)",4.222957,49.879326
"341","San Francisco, San Jose (Costa Rica)",-84.0616709,9.9080918
"342","Pau, Aquitaine (France)",-0.370797,43.2951
"343","Burgas (Bulgaria)",27.4626361,42.5047926
"344","Hamburg (South Africa)",27.4262714,-33.2823349
"345","Chittagong (Bangladesh)",91.7831819,22.356851
"346","Tongzhou, Beijing (China)",116.656434,39.909946
"347","Kitchener, ON (Canada)",-80.4925337,43.4516395
"348","Banjarbaru (Indonesia)",114.8103181,-3.4572422
"349","Thiruvananthapuram (India)",76.9366376,8.5241391
"350","Belfast, Northern Ireland (UK)",-5.93012,54.597285
"351","City of London, England (UK)",-0.1277583,51.5073509
"352","Anderlues (Belgium)",4.28394,50.40604
"353","Saint-Ghislain, Hainaut (Belgium)",3.8183757,50.4491086
"354","België (South Africa)",4.3687899,50.8413208
"355","Elsene, Brussels (Belgium)",4.3666294,50.8333432
"356","Jarabacoa (Dominican Republic)",-70.6422003,19.1236754
"357","Basse-Goulaine (France)",-1.466088,47.215267
"358","Caracas, Capital District (Venezuela)",-66.9036063,10.4805937
"359","Lille (France)",3.057256,50.62925
"360","Carlisle, PA",-77.2002745,40.2010241
"361","Shepherdsville, KY",-85.7157924,37.9883991
"362","Staten Island, NY",-74.1502007,40.5795317
"363","Edgerton, KS",-95.0080224,38.7647302
"364","Holliston, MA",-71.4245049,42.2000966
"365","Petersburg, VA",-77.4019267,37.2279279
"366","Orlando, FL",-81.3792365,28.5383355
"367","Ashland, VA",-77.4799837,37.7590318
"368","Moreno Valley, CA",-117.2296717,33.9424658
"369","Edison, NJ",-74.4120953,40.5187154
"370","Columbia, SC",-81.0348144,34.0007104
"371","Chester, VA",-77.4416505,37.3568157
"372","Spartanburg, SC",-81.9320482,34.9495672
"373","San Leandro, CA",-122.1560768,37.7249296
"374","Richmond, VA",-77.4360481,37.5407246
"375","Jacksonville, FL",-81.655651,30.3321838
"376","West Columbia, SC",-81.0739825,33.9934867
"377","Manassas, VA",-77.4752667,38.7509488
"378","Davenport, FL",-81.6017417,28.1614046
"379","Santa Barbara, CA",-119.6981901,34.4208305
"380","Kansas City, KS",-94.6267873,39.1155314
"381","El Monte, CA",-118.0275667,34.0686206
"382","Detroit, MI",-83.0457538,42.331427
"383","Ashburn, VA",-77.4874416,39.0437567
"384","Fort Worth, TX",-97.3307658,32.7554883
"385","Bellmawr, NJ",-75.0946182,39.8676134
"386","Little Rock, AR",-92.2895948,34.7464809
"387","Rancho Bernardo, CA",-117.0805825,33.0335773
"388","Shakopee, MN",-93.5272861,44.7973962
"389","Moreno, Riverside, CA",-117.2296717,33.9424658
"390","Patterson, CA",-121.129656,37.4716001
"391","Jefferson, GA",-83.5723876,34.1170537
"392","Champaign, IL",-88.2433829,40.1164204
"393","Florence, NJ",-74.7863387,40.0967369
"394","Avenel, NJ",-74.2851469,40.5803818
"395","Hebron, KY",-84.7031888,39.0661472
"396","Jackson, TN",-88.8139469,35.6145169
"397","Kennewick, WA",-119.119948,46.2086683
"398","Haslet, TX",-97.3477957,32.9748469
"399","Aurora, CO",-104.8319195,39.7294319
"400","Chesapeake, VA",-76.2874927,36.7682088
"401","Chino, CA",-117.688944,34.0122346
"402","Crest Hill, IL",-88.0986709,41.554753
"403","West Valley City, UT",-112.0010501,40.6916132
"404","New Castle, DE",-75.5668166,39.6620397
"405","Knoxville, TN",-83.9207392,35.9606384
"406","Rockville, MD",-77.1527578,39.0839973
"407","Chatsworth, CA",-118.61481,34.2506356
"408","Tracy, CA",-121.4252227,37.7396513
"409","Lebanon, TN",-86.2911024,36.2081098
"410","Joliet, IL",-88.0817251,41.525031
"411","Carlsbad, CA",-117.3505939,33.1580933
"412","Coppell, TX",-97.0150078,32.9545687
"413","Cincinnati, OH",-84.5120196,39.1031182
"414","Sparrows Point, MD",-76.4806752,39.2261149
"415","Middletown, DE",-75.7163207,39.449556
"416","Huntington, WV",-82.445154,38.4192496
"417","Lenexa, KS",-94.7335709,38.9536174
"418","Herndon, VA",-77.3860976,38.9695545
"419","Euclid, OH",-81.5267873,41.5931049
"420","Swedesboro, NJ",-75.3104654,39.7476136
"421","Charlotte, NC",-80.8431267,35.2270869
"422","Norfolk, VA",-76.2858726,36.8507689
"423","Charleston, TN",-84.7582743,35.2872952
"424","Henrico, VA",-77.3324425,37.5059332
"425","Lancaster, NY",-78.6341996,42.8982361
"426","Chattanooga, TN",-85.3096801,35.0456297
"427","Smyrna, GA",-84.5143761,33.8839926
"428","Sussex, WI",-88.2220372,43.1338972
"429","Jeffersonville, IN",-85.7371847,38.2775702
"430","Concord, NC",-80.579511,35.4087517
"431","West Sacramento, CA",-121.530234,38.5804609
"432","Windsor, CT",-72.6437022,41.8525984
"433","Lisle, IL",-88.0747875,41.801141
"434","Etna, OH",-82.6826386,39.95734
"435","Greer, SC",-82.2270568,34.9387279
"436","Ruskin, FL",-82.4331495,27.7208633
"437","Theodore, AL",-88.1752796,30.5476941
"438","Groveport, OH",-82.888276,39.8532057
"439","Grand Forks, ND",-97.0328547,47.9252568
"440","Memphis, TN",-90.0489801,35.1495343
"441","Palmetto, FL",-82.5723193,27.5214269
"442","North Las Vegas, NV",-115.1175013,36.1988592
"443","Miami Gardens, FL",-80.2456045,25.9420377
"444","Lubbock, TX",-101.8551665,33.5778631
"445","Louise, TX",-96.4033018,29.1113663
"446","Fairfield, OH",-84.5603187,39.3454673
"447","Waldwick, NJ",-74.1179203,41.0106528
"448","Cranbury, NJ",-74.511172,40.3025907
"449","Mundelein, IL",-88.0039653,42.263079
"450","Whitestown, IN",-86.3458296,39.9972626
"451","Las Vegas, NV",-115.1398296,36.1699412
"452","Anniston, AL",-85.8316318,33.6598257
"453","National City, CA",-117.0991967,32.6781085
"454","Livonia, MI",-83.3527097,42.36837
"455","Opa-locka, FL",-80.2503271,25.9023168
"456","De Land, FL",-81.3031179,29.028318
"457","Akron, OH",-81.5190053,41.0814447
"458","North East, MD",-75.9413327,39.6001132
"459","East Palo Alto, CA",-122.1410751,37.4688273
"460","Rochester, MI",-83.1338214,42.680588
"461","Waukegan, IL",-87.8447938,42.3636331
"462","Plainfield, IN",-86.3994387,39.7042123
"463","Kent, WA",-122.2348432,47.3809335
"464","Sumner, WA",-122.2403966,47.2031566
"465","Elgin, IL",-88.2825668,42.0354084
"466","Romulus, MI",-83.3965994,42.2222614
"467","Baton Rouge, LA",-91.1871466,30.4514677
"468","Newark, CA",-122.0402399,37.5296593
"469","Greenville, SC",-82.3940104,34.8526176
"470","DuPont, WA",-122.6447891,47.1003223
"471","Boardman, OR",-119.7005834,45.839855
"472","San Pedro, CA",-118.2922461,33.7360619
"473","Everett, WA",-122.2020795,47.9789848
"474","Eagan, MN",-93.1668858,44.8041322
"475","Racine, WI",-87.7828523,42.7261309
"476","Kenosha, WI",-87.8211854,42.5847425
"477","Lakeland, FL",-81.9498042,28.0394654
"478","Allen, TX",-96.6705503,33.1031744
"479","Duluth, GA",-84.1446376,34.0028786
"480","Charleston, SC",-79.9310512,32.7764749
"481","Norco, CA",-117.548661,33.9311257
"482","Lexington-Fayette, KY",-84.5037164,38.0405837
"483","Romeoville, IL",-88.0895061,41.6475306
"484","Albany, GA",-84.155741,31.5785074
"485","Stockton, CA",-121.2907796,37.9577016
"486","West Seattle, WA",-122.3867537,47.5666668
"487","Bethpage, NY",-73.4820687,40.7442664
"488","East Point, GA",-84.4393724,33.6795531
"489","Monee, IL",-87.7417114,41.420034
"490","Indianapolis, IN",-86.158068,39.768403
"491","Forest, LA",-91.413449,32.7920758
"492","Winchester, KY",-84.1796503,37.990079
"493","Shawnee, KS",-94.7151865,39.0228485
"494","Springfield, VA",-77.1872036,38.7892801
"495","Essex, MD",-76.474962,39.3092743
"496","Jurupa Valley, CA",-117.4854802,33.9971974
"497","Twinsburg, OH",-81.4401129,41.3125552
"498","Ocala, FL",-82.1400923,29.1871986
"499","Obetz, OH",-82.9507363,39.8789527
"500","Eugene, OR",-123.0867536,44.0520691
"501","Gardena, CA",-118.3089624,33.8883487
"502","San Marcos, TX",-97.9413941,29.8832749
"503","Fresno, CA",-119.7871247,36.7377981
"504","Hazelwood, MO",-90.3709489,38.7714396
"505","Cleveland, OH",-81.6943605,41.49932
"506","Hamden, CT",-72.9026064,41.3838782
"507","Chesterfield, VA",-77.5049863,37.3770935
"508","Seattle Heights, WA",-122.3240199,47.8103746
"509","Fairview, TX",-96.6316593,33.1578952
"510","Robbinsville, NJ",-74.6195327,40.2162036
"511","Hazleton, PA",-75.9746472,40.9584181
"512","London, CA",-119.4431785,36.4760619
"513","Campbellsville, KY",-85.3419069,37.3433974
"514","South Seattle, WA",-122.3261651,47.5424403
"515","Teterboro, NJ",-74.0593075,40.8598219
"516","Redlands, CA",-117.1825381,34.0555693
"517","Charlestown, IN",-85.6702406,38.45312
"518","Carteret, NJ",-74.2282005,40.5773266
"519","Murfreesboro, TN",-86.39027,35.8456213
"520","Doral, FL",-80.3553302,25.8195424
"521","Breinigsville, PA",-75.631484,40.5393961
"522","Edwardsville, IL",-89.953157,38.8114364
"523","Milford, MA",-71.5163049,42.1398577
"524","Remote, OR",-123.8925908,43.0059455
"525","Miami Beach, FL",-80.1300455,25.790654
"526","France, ID",-111.2752267,43.9724137
"527","Durham, NC",-78.898619,35.9940329
"528","Hawthorne, CA",-118.3525748,33.9164032
"529","Glen Mills, PA",-75.5103484,39.9016273
"530","Eastvale, PA",-80.3147851,40.7667318
"531","Granite City, IL",-90.1487199,38.7014389
"532","Commerce, CA",-118.1597929,34.0005691
"533","Wood Dale, IL",-87.9789562,41.9633625
"534","Hartford, CT",-72.6733723,41.7658043
"535","Umatilla, OR",-119.3425179,45.9173549
"536","Port Of Kennewick, WA",-119.111284,46.217124
"537","Gouldsboro, PA",-75.4560183,41.2445293
"538","Cecil Manor, MD",-75.8171601,39.657056
"539","Wilmington, NC",-77.8868117,34.2103894
"540","Wallingford, CT",-72.8230736,41.4570108
"541","Loma Linda, CA",-117.2611527,34.0483474
"542","Schertz, TX",-98.269734,29.5521737
"543","East Saint Louis, IL",-90.1506465,38.624514
"544","Rialto, CA",-117.3703235,34.1064001
"545","Mira Loma, CA",-117.5159449,33.9845417
"546","Buena Park, CA",-117.9981387,33.8674044
"547","Lexington, KY",-84.5037164,38.0405837
"548","Logan Township, NJ",-75.349185,39.7847179
"549","Hazle Township, PA",-76.0275859,40.9568399
"550","Mountain House, CA",-121.543234,37.7793901
"551","Erie, PA",-80.085059,42.1292241
"552","South Phoenix, AZ",-112.0734812,33.4067115
"553","Hutchins, TX",-96.7130521,32.6492999
"554","Robinsville, NJ",-74.6195327,40.2162036
"555","Oklahoma City, OK",-97.5164276,35.4675602
"556","Brookshire, TX",-95.9510661,29.7860643
"557","Goodyear, AZ",-112.3576567,33.4353394
"558","Jacksonville, NC",-77.4302414,34.7540524
"559","Corona, CA",-117.5664384,33.8752935
"560","Brandon, FL",-82.2859247,27.937801
"561","Glendale, CA",-118.255075,34.1425078
"562","Hesperia, CA",-117.3008784,34.4263886
"563","Dundalk, MD",-76.5205184,39.2506633
"564","Brownstown, MI",-83.2572332,42.1261157
"565","Richmond, CA",-122.3477486,37.9357576
"566","Garland, TX",-96.6388833,32.912624
"567","Savannah, GA",-81.091203,32.0808989
"568","Hill AFB, UT",-111.9826984,41.10968
"569","Sterling, VA",-77.4291298,39.0066993
"570","Braselton, GA",-83.7626729,34.1092735
"571","Allentown, PA",-75.4714098,40.6022939
"572","Lancaster, OH",-82.5993294,39.7136754
"573","Cheboygan, MI",-84.4744795,45.6469563
"574","Saint Marys, GA",-81.5706109,30.7478954
"575","Flossmoor, IL",-87.6847684,41.5428123
"576","Orange, CA",-117.8531007,33.7879139
"577","Sea Girt, NJ",-74.0345813,40.1320592
"578","Charleston, WV",-81.6326234,38.3498195
"579","Home, PA",-79.1053129,40.7395087
"580","Greenwood, IN",-86.1066526,39.6136578
"581","Union City, GA",-84.5424299,33.5870558
"582","King of Prussia, PA",-75.3835525,40.1012856
"583","Lawrenceville, GA",-83.9879625,33.9562149
"584","Englewood, CO",-104.9877597,39.6477653
"585","North Sacramento, CA",-121.4798948,38.636514
"586","Naperville, IL",-88.1535352,41.7508391
"587","Easton, PA",-75.2207323,40.688432
"588","Alexandria, VA",-77.0469214,38.8048355
"589","Gilbert, AZ",-111.789027,33.3528264
"590","Winchester, VA",-78.1633341,39.1856597
"591","Aurora, IL",-88.3200715,41.7605849
"592","Indian Trail, NC",-80.6692352,35.0768141
"593","New Haven, CT",-72.9278835,41.308274
"594","West Hartford, CT",-72.7420151,41.7620842
"595","Lewisberry, PA",-76.8596945,40.1350928
"596","Des Moines, IA",-93.6249593,41.5868353
"597","Spokane, WA",-117.4260465,47.6587802
"598","Lancaster, TX",-96.7561082,32.5920798
"599","Mobile, AL",-88.0398912,30.6953657
"600","Patapsco, MD",-76.8919231,39.5387141
"601","Bangor, ME",-68.7712257,44.8016128
"602","Grand Prairie, TX",-96.9977846,32.7459645
"603","Danville, KY",-84.7721702,37.6456329
"604","Elizabeth, NJ",-74.2107006,40.6639916
"605","Pleasant Prairie, WI",-87.9334118,42.5530753
"606","Vacaville, CA",-121.9877444,38.3565773
"607","Tedder, FL",-80.1222665,26.2842469
"608","Arlington, WA",-122.1251418,48.1987118
"609","North Houston, TX",-95.5171162,29.9195994
"610","Crete, IL",-87.6314312,41.4444791
"611","Hillsboro, OR",-122.9365835,45.5200114
"612","Clarksville, IN",-85.759963,38.2967362
"613","Covington, KY",-84.5085536,39.0836712
"614","Gatesville, TX",-97.743911,31.4351645
"615","Arlington, VA",-77.0909809,38.8816208
"616","Winston-Salem, NC",-80.244216,36.0998596
"617","Morrisville, NC",-78.8255621,35.823483
"618","Stoughton, MA",-71.1092012,42.1229099
"619","Brownstown Township, MI",-83.2572332,42.1261157
"620","West Carteret, NJ",-74.2462567,40.5945484
"621","Fall River, MA",-71.1550451,41.7014912
"622","Irving, TX",-96.9488945,32.8140177
"623","Reno, NV",-119.8138027,39.5296329
"624","Penn, PA",-79.6411537,40.328958
"625","Topeka, KS",-95.6751576,39.0473451
"626","Woodbridge, NJ",-74.2846022,40.5575986
"627","North Sea, NY",-72.4142518,40.9328781
"628","Ruskin, MO",-94.5138426,38.9227847
"629","Merriam, KS",-94.6935701,39.0236165
"630","Saint Cloud, MN",-94.1632404,45.5579451
"631","Cal-Ida, CA",-121.0157881,39.526003
"632","Pecan Park, FL",-81.6089873,30.5048315
"633","Paramus, NJ",-74.0754189,40.9445428
"634","Fort Lauderdale, FL",-80.1373174,26.1224386
"635","Jersey City, NJ",-74.0431435,40.7177545
"636","Humble, TX",-95.2621553,29.9988312
"637","Brisbane, CA",-122.3999715,37.6807661
"638","Port St Lucie, FL",-80.3582261,27.2730492
"639","Se Ree, KY",-86.3796987,37.6833918
"640","Tucson, AZ",-110.9747108,32.2226066
"641","Cal Poly SLO, CA",-120.6624942,35.3050053
"642","Franklin, TN",-86.8688899,35.9250637
"643","Bloomington, IN",-86.5263857,39.165325
"644","Prague, OK",-96.6850174,35.4867368
"645","Highland, CA",-117.2086513,34.1283442
"646","Tacoma, WA",-122.4442906,47.2528768
"647","Taylors, SC",-82.2962268,34.9203946
"648","Lockport, IL",-88.057837,41.5894752
"649","New Brunswick, NJ",-74.4518188,40.4862157
"650","Grand Rapids, MI",-85.6680863,42.9633599
"651","Tampa Palms, FL",-82.3777335,28.0993264
"652","Gardner, KS",-94.9271868,38.8108408
"653","Union City, CA",-122.0438298,37.5933918
"654","Augusta, GA",-82.0105148,33.4734978
"655","Illinoi, IN",-87.5261458,41.1897566
"656","Hialeah, FL",-80.2781057,25.8575963
"657","Long Beach, CA",-118.1937395,33.7700504
"658","Waterbury, CT",-73.0514965,41.5581525
"659","Albuquerque, NM",-106.650422,35.0843859
"660","Keller, TX",-97.229298,32.9341893
"661","Ontario, CA",-117.6508876,34.0633443
"662","Clearbrook, VA",-78.0961109,39.2564912
"663","Apple Valley, CA",-117.1858759,34.5008311
"664","Middletown, NJ",-74.0915982,40.3968012
"665","Ringgold, GA",-85.1091173,34.9159099
"666","Dinwiddie, VA",-77.6536125,37.0769043
"667","Oregon, OH",-83.4868768,41.6436603
"668","College Park, MD",-76.93776,38.9896967
"669","Arlington, TX",-97.1080656,32.735687
"670","Gainesville, FL",-82.3248262,29.6516344
"671","Port Orchard, WA",-122.6362492,47.5403732
"672","Panama City, FL",-85.6602058,30.1588129
"673","Rosemead, CA",-118.072846,34.0805651
"674","Nashua, NH",-71.467566,42.7653662
"675","Meriden, CT",-72.8070435,41.5381535
"676","Farmers Branch, TX",-96.8961151,32.9265137
"677","Fargo, ND",-96.7898034,46.8771863
"678","Warrenton, VA",-77.7952712,38.7134516
"679","Jackson, MS",-90.1848103,32.2987573
"680","Curl Tex Colonia, TX",-98.2483467,26.3053482
"681","Langhorne, PA",-74.9226665,40.1745538
"682","Turlock, CA",-120.8465941,37.4946568
"683","Apex, NC",-78.8502856,35.732652
"684","Downingtown, PA",-75.7032742,40.0064958
"685","Redondo Beach, CA",-118.3884078,33.8491816
"686","Bellevue, WA",-122.2015159,47.6101497
"687","Olathe, KS",-94.8191285,38.8813958
"688","Clear Brook, VA",-78.0961109,39.2564912
"689","Everett, MA",-71.0536625,42.40843
"690","Cleveland, TN",-84.8766115,35.1595182
"691","Dedham, MA",-71.1676536,42.2436085
"692","Renton, WA",-122.2079218,47.4796927
"693","Fernley, NV",-119.2518349,39.6079683
"694","Peabody, MA",-70.9286609,42.5278731
"695","East Spartanburg, SC",-81.891492,34.9326245
"696","Vancouver, WA",-122.6727305,45.6272259
"697","Winchester, TN",-86.1122071,35.1859163
"698","York, PA",-76.727745,39.9625984
"699","Wolcott, CT",-72.9867718,41.6023196
"700","Pflugerville, TX",-97.6222665,30.4548451
"701","Easley, SC",-82.6015206,34.829838
"702","North East, PA",-79.8342163,42.2156131
"703","Saint Petersburg, FL",-82.6402915,27.7676008
"704","Tolleson, AZ",-112.259321,33.4500425
"705","Morton Grove, IL",-87.7825621,42.0405852
"706","Central Valley, CA",-122.2011075,40.1998777
"707","Greensboro, NC",-79.7919754,36.0726354
"708","Dublin, OH",-83.1140771,40.0992294
"709","Crafton, PA",-80.066166,40.435069
"710","Alamogordo, NM",-105.960265,32.8995325
"711","Suffolk, VA",-76.5835621,36.7282054
"712","North Reading, MA",-71.0786653,42.5750939
"713","Amherst, MA",-72.5198537,42.3732216
"714","Saint Paul, MN",-93.0899578,44.9537029
"715","Harrisburg, PA",-76.8867008,40.2731911
"716","Moonachie, NJ",-74.0451405,40.8412111
"717","Clarksville, TN",-87.3594528,36.5297706
"718","Acworth, GA",-84.6768796,34.0659329
"719","Rochester, NH",-70.9756186,43.304526
"720","San Luis Obispo, CA",-120.6596156,35.2827524
"721","State College, PA",-77.8600012,40.7933949
"722","Pittston, PA",-75.7893604,41.3259134
"723","Hermiston, OR",-119.2894604,45.8404101
"724","Cypress, TX",-95.6937856,29.9716905
"725","Sn Bernrdno, CA",-119.4179324,36.778261
"726","Huntington, NY",-73.425676,40.8681539
"727","Buckeye, AZ",-112.5837766,33.3703197
"728","Wilkes-Barre, PA",-75.8813075,41.2459149
"729","Frostproof, FL",-81.5306313,27.7458626
"730","South Kenosha, WI",-87.834241,42.5402982
"731","Dalton, GA",-84.9702228,34.7698021
"732","New Albany, IN",-85.8241312,38.2856247
"733","Skokie, IL",-87.7416246,42.0324025
"734","Carrollton, TX",-96.8899636,32.9756415
"735","Bainbridge, GA",-84.5754699,30.9037995
"736","Pensacola, FL",-87.2169149,30.421309
"737","Trenton, NJ",-74.759717,40.2205824
"738","Bloomsburg, PA",-76.4549457,41.003698
"739","Garden City, KS",-100.8726618,37.9716898
"740","Green Valley, AZ",-110.9937019,31.8542511
"741","Phila, PA",-75.1652215,39.9525839
"742","Sierra Vista, AZ",-110.2772856,31.5455001
"743","New Bern, NC",-77.0441143,35.108493
"744","Bolingbrook, IL",-88.0683955,41.6986416
"745","Shoreline, WA",-122.3456972,47.7559659
"746","Riverview, FL",-82.3264809,27.8661364
"747","Piscataway, NJ",-74.4642861,40.554887
"748","Belleville, IL",-89.9839935,38.5200504
"749","Tallahassee, FL",-84.2807329,30.4382559
"750","Cayce, SC",-81.0739827,33.9657091
"751","Denton, TX",-97.1330683,33.2148412
"752","Johns Creek, GA",-84.198579,34.0289259
"753","Rancho Cucamonga, CA",-117.5931084,34.1063989
"754","College Park, GA",-84.4493725,33.6534427
"755","Avenal, CA",-120.1290272,36.0041223
"756","Pomfret, MD",-77.0306325,38.5735817
"757","Perris, CA",-117.2286478,33.7825194
"758","Ballston, VA",-77.1053673,38.8858006
"759","Williamsburg, VA",-76.7074571,37.2707022
"760","Gig Harbor, WA",-122.5801293,47.329264
"761","Saint Augustine, FL",-81.3124341,29.9012437
"762","New Orleans, LA",-90.0715323,29.9510658
"763","Moreno, San Diego, CA",-116.9250269,32.8733823
"764","Lexington, NC",-80.2533838,35.8240265
"765","Middletown, OH",-84.3982763,39.5150576
"766","South Windsor, CT",-72.5717551,41.8489872
"767","Bergenfield, NJ",-73.9973608,40.9275987
"768","Modesto, CA",-120.9968782,37.6390972
"769","Asheboro, NC",-79.8136446,35.7079146
"770","Coffeyville, KS",-95.6163665,37.0373005
"771","Hayward, CA",-122.0807964,37.6688205
"772","Victorville, CA",-117.2927641,34.5362184
"773","Winchester, CA",-117.0844733,33.706966
"774","Shillington, PA",-75.9654896,40.3078702
"775","Lithia, FL",-82.1496049,27.8187623
"776","Bentonville, AR",-94.2088172,36.3728538
"777","Canton, MI",-83.482116,42.3086444
"778","Shippensburg, PA",-77.5202647,40.0506453
"779","Penn Hills, PA",-79.8392158,40.5011794
"780","Wakefield, MA",-71.0723391,42.5039395
"781","Plano, TX",-96.6988856,33.0198431
"782","Wilmington, DE",-75.5483909,39.744655
"783","Reading, PA",-75.9268747,40.3356483
"784","Apache Junction, AZ",-111.5495777,33.4150485
"785","Poland, ME",-70.3936675,44.0606281
"786","Point Clear, AL",-87.9191598,30.4740845
"787","Canton, GA",-84.4907621,34.2367621
"788","Potomac Falls, VA",-77.4291298,39.0066993
"789","Columbus, GA",-84.9877094,32.4609764
"790","Florence Station, NJ",-74.805112,40.100048
"791","Forest Hills, NY",-73.8448469,40.718106
"792","Newcastle, WA",-122.1657965,47.5377028
"793","Sammamish, WA",-122.0355736,47.6162683
"794","Covington, GA",-83.8601827,33.5967815
"795","Laveen, AZ",-112.169317,33.3628227
"796","Fullerton, CA",-117.9242123,33.8703645
"797","Bend, OR",-121.3153096,44.0581728
"798","Wesley Chapel, FL",-82.3641751,28.182893
"799","Hazelton Mills, PA",-78.718919,41.8986734
"800","Puyallup, WA",-122.2928974,47.1853785
"801","Mechanicsburg, PA",-77.0085876,40.2142565
"802","Cave Creek, AZ",-111.9507042,33.8333716
"803","Duvall, WA",-121.9856781,47.7423218
"804","Chantilly, VA",-77.4310992,38.8942786
"805","Pine Knot, KY",-84.4385489,36.6509124
"806","Lexington, SC",-81.2362107,33.9815369
"807","Upland, CA",-117.6483876,34.09751
"808","China, ME",-69.5172641,44.4786791
"809","Willingboro, NJ",-74.8916458,40.028848
"810","Simpsonville, SC",-82.2542834,34.7370639
"811","Glendale, AZ",-112.1859866,33.5386523
"812","Chickamauga, GA",-85.2907896,34.8711879
"813","Asheville, NC",-82.5514869,35.5950581
"814","Joppatowne, MD",-76.3682498,39.4254523
"815","Henderson, NV",-114.9817213,36.0395247
"816","Monroeville, PA",-79.7881024,40.4211798
"817","Lathrop, CA",-121.27661,37.8227046
"818","Pompano Beach, FL",-80.1247667,26.2378597
"819","Morrow, GA",-84.3393683,33.5831662
"820","Centreville, VA",-77.4288769,38.8403909
"821","Dayton, OH",-84.1916069,39.7589478
"822","Pasco, WA",-119.0922316,46.2305049
"823","White Marsh, MD",-76.4599043,39.3794196
"824","Somerset, NJ",-74.4884868,40.497604
"825","Gaston, SC",-81.1009286,33.8170974
"826","Retreat, Grimes, TX",-94.5407706,31.1418883
"827","Soddy-Daisy, TN",-85.1907904,35.2359025
"828","Aberdeen, MD",-76.1641197,39.5095556
"829","McDonough, GA",-84.1468616,33.4473361
"830","Lake Dallas, TX",-97.0255641,33.1192875
"831","Fontana, CA",-117.435048,34.0922335
"832","Emmaus, PA",-75.4968502,40.5395421
"833","Nescopeck, PA",-76.2207671,41.0520292
"834","Menifee, CA",-117.185294,33.6971468
"835","Blank, MD",-77.0480661,38.9029128
"836","North Chesterfield, VA",-77.468513,37.458993
"837","Hudson, WI",-92.7568703,44.9746896
"838","Glen Burnie, MD",-76.6246886,39.1626084
"839","Newark, DE",-75.7496572,39.6837226
"840","West Union, OH",-83.5451934,38.7945166
"841","Campbellsvlle, KY",-85.3419069,37.3433974
"842","Bear, DE",-75.6582628,39.6292788
"843","Amherst, NY",-78.792272,42.9790067
"844","Maysville, KY",-83.744365,38.6411854
"845","Sturtevant, WI",-87.8945229,42.6980749
"846","McKinney, TX",-96.6397822,33.1972465
"847","Naples, FL",-81.7948103,26.1420358
"848","Palmetto, GA",-84.6696548,33.5178907
"849","Monroeville, NJ",-75.1593816,39.6290092
"850","East Wallingford, CT",-72.7889873,41.4437085
"851","West Lafayette, IN",-86.9080655,40.4258686
"852","South Pasadena, FL",-82.7376009,27.7550276
"853","Pemberton, NJ",-74.6829363,39.9720578
"854","West Allis, WI",-88.0070315,43.0166806
"855","Orange, NJ",-74.2326478,40.7706187
"856","Ithaca, NY",-76.5018807,42.4439614
"857","Parrish, FL",-82.4250941,27.5875357
"858","Duluth, MN",-92.1004852,46.7866719
"859","Back, TX",-100.6098567,35.3647702
"860","Spring Hill, FL",-82.5369872,28.4831682
"861","Woodruff, SC",-82.0370466,34.7395701
"862","Troy, NY",-73.6917851,42.7284117
"863","North Chicago, IL",-87.8411818,42.325578
"864","Salida, CA",-121.0849369,37.7057623
"865","Overland Park, KS",-94.6707917,38.9822282
"866","Edmonds, WA",-122.3773551,47.8106521
"867","Lithonia, GA",-84.1051939,33.7123305
"868","Sun City Center, FL",-82.351759,27.718086
"869","Pikesville, MD",-76.7224727,39.3742729
"870","North Atlanta, GA",-84.3365917,33.8651033
"871","Lakewood Ranch, FL",-82.4285151,27.4117037
"872","Elkton, MD",-75.8332718,39.6067789
"873","Hermosa Beach, CA",-118.3995194,33.8622366
"874","Banning, CA",-116.8764103,33.9255713
"875","North Concord, NC",-80.6206231,35.4343066
"876","Queen Creek, AZ",-111.6342993,33.2486638
"877","Irmo, SC",-81.1831513,34.0859829
"878","West Chester, OH",-84.4172666,39.3321262
"879","Manteca, CA",-121.2160526,37.7974273
"880","Brick, NJ",-74.1371832,40.0578384
"881","Bainbridge Island, WA",-122.5210007,47.6248791
"882","Bow, WA",-122.3980367,48.5603051
"883","Newtown, PA",-74.9322596,40.2283371
"884","Trexlertown, PA",-75.6059177,40.5479136
"885","Williamsburg, OH",-84.0529886,39.0542311
"886","Glen Allen, VA",-77.5063739,37.665978
"887","Mentone, CA",-117.1344806,34.070013
"888","Dulles, VA",-77.4380485,38.9624899
"889","Bridgeville, PA",-80.1100556,40.3561805
"890","San Jacinto, CA",-116.958635,33.7839084
"891","Woodinville, WA",-122.1634581,47.7542651
"892","Olympia, WA",-122.9006951,47.0378741
"893","Johnson City, TN",-82.3534727,36.3134397
"894","Chelsea, MA",-71.0328284,42.3917638
"895","Browns Mills, NJ",-74.5829331,39.9726147
"896","Hopewell, VA",-77.2872001,37.3043154
"897","Whitewater, WI",-88.7323272,42.8336205
"898","Brockton, MA",-71.0183787,42.0834335
"899","Tabernacle, NJ",-74.7107048,39.8433853
"900","Parkville, MD",-76.5396875,39.3773292
"901","Laguna Niguel, CA",-117.7149438,33.5236744
"902","Yardley, PA",-74.8459972,40.245664
"903","Auburn, WA",-122.2284532,47.3073228
"904","Amazon, MT",-112.1072224,46.320207
"905","Redland, OR",-122.4928664,45.3434553
"906","Manassas Park, VA",-77.4697111,38.7840035
"907","Northampton, PA",-75.4968501,40.6862075
"908","North Indianapolis, IN",-86.1780434,39.8078202
"909","Lynnwood, WA",-122.3151314,47.8209301
"910","Kent, WV",-80.8612054,39.7664646
"911","Roselle, NJ",-74.2592769,40.6527292
"912","North Charleston, SC",-79.9748103,32.8546197
"913","Normandy Park, WA",-122.3406798,47.4362103
"914","Wake Forest, NC",-78.5097228,35.9798734
"915","Dunlap, TN",-85.3905209,35.3714575
"916","Fredericksburg, VA",-77.4605399,38.3031837
"917","Wildomar, CA",-117.2800372,33.5989126
"918","Mill Creek, WA",-122.2042966,47.8600971
"919","Milford, DE",-75.4279748,38.9126129
"920","Anderson, IN",-85.6802541,40.1053196
"921","Kenmore, WA",-122.2496863,47.7583576
"922","Germany, TX",-95.350778,31.4399019
"923","Mountain Home, ID",-115.6911975,43.1329504
"924","Lewisburg, PA",-76.8844101,40.9645293
"925","Goose Creek, SC",-80.0325867,32.9810059
"926","Dover, DE",-75.5243682,39.158168
"927","Groveland, FL",-81.8511889,28.5580546
"928","Toms River, NJ",-74.1979458,39.9537358
"929","Topanga, CA",-118.6021321,34.0919452
"930","Venice, FL",-82.4542632,27.0997775
"931","Owingsville, KY",-83.7640847,38.1448015
"932","Saylorsburg, PA",-75.3229541,40.8958927
"933","Brier, WA",-122.2742948,47.7845419
"934","Cape Coral, FL",-81.9495331,26.5628537
"935","Fogelsville, PA",-75.6326395,40.5832443
"936","Falls Church, VA",-77.1710914,38.882334
"937","Lauderhill, FL",-80.2133808,26.1403635
"938","Pendleton, OR",-118.7885967,45.672075
"939","Palm Harbor, FL",-82.7637127,28.0780718
"940","Woodstock, GA",-84.5193754,34.1014873
"941","Cary, NC",-78.7811169,35.79154
"942","Jeffersonville, KY",-83.8418631,37.9736917
"943","Ireland, IN",-86.9994454,38.4147739
"944","Charlotte C H, VA",-78.638334,37.0565361
"945","West Asheville, NC",-82.5837375,35.5778892
"946","Culver City, CA",-118.3964665,34.0211224
"947","Salem, OR",-123.0350963,44.9428975
"948","Goldsboro, PA",-76.7502467,40.152593
"949","Hyder, AK",-130.02768,55.9177254
"950","Coffeeville, AR",-91.4004085,35.4911924
"951","Shelbyville, KY",-85.2235666,38.2120144
"952","Chester, PA",-75.3557457,39.849557
"953","Jeff, IN",-85.3530279,40.6053223
"954","Lake Forest, CA",-117.6861023,33.6469437
"955","Palmdale, CA",-118.1164613,34.5794343
"956","SeaTac, WA",-122.2960726,47.4435903
"957","Menlo Park, CA",-122.1817252,37.4529598
"958","Miramar, FL",-80.3035602,25.9860762
"959","Manchester, NH",-71.4547891,42.9956397
"960","Hemel Hempstead, England (UK)",-0.448632,51.753241
"961","Iaşi (Romania)",24.96676,45.943161
"962","Bolton, England (UK)",-2.4282192,53.5768647
"963","Frankfurt am Main (Germany)",8.6821267,50.1109221
"964","Coimbatore South (India)",76.9558321,11.0168445
"965","Manchester, England (UK)",-2.2426305,53.4807593
"966","San Jose, San Jose (Costa Rica)",-84.0907246,9.9280694
"967","Tampines, East (Singapore)",103.9546705,1.3533483
"968","Cape Town (South Africa)",18.4240553,-33.9248685
"969","Brampton, ON (Canada)",-79.7624177,43.7315479
"970","City of Westminster, England (UK)",-0.1332326,51.5001754
"971","Dunstable, England (UK)",-0.52039,51.885644
"972","Bratislava (Slovakia)",17.1077478,48.1485965
"973","Ḩawwārah, Amman Governorate (Jordan)",NA,NA
"974","Barcelona (Spain)",2.1734035,41.3850639
"975","Castel San Giovanni, Emilia-Romagna (Italy)",9.4309951,45.0505532
"976","Bristol, England (UK)",-2.58791,51.454513
"977","Puntarenas (Costa Rica)",-84.8294211,9.9778439
"978","Luxembourg (Luxembourg)",6.1319346,49.611621
"979","Cork (Ireland)",-8.4756035,51.8985143
"980","Heredia (Costa Rica)",-84.1197643,9.9981413
"981","Uppal (India)",78.5582652,17.3983774
"982","Taramani (India)",80.2432273,12.9813882
"983","Calgary, AB (Canada)",-114.0708459,51.0486151
"984","Las Rozas de Madrid (Spain)",-3.8757916,40.4935329
"985","Tarlac, Tarlac (Philippines)",120.5963492,15.4754786
"986","Perungudi (India)",80.2461057,12.9653652
"987","Baran (India)",76.5131637,25.1011438
"988","Bangalore Rural (India)",77.6077865,13.2846993
"989","Rabat (Morocco)",-6.8498129,33.9715904
"990","Coto Brus (Costa Rica)",-83.070404,8.954045
"991","New Westminster, BC (Canada)",-122.910956,49.2057179
"992","Ichikawa, Chiba (Japan)",139.9279438,35.7136019
"993","Leeds, England (UK)",-1.5490774,53.8007554
"994","Coalville, England (UK)",-1.3677109,52.724569
"995","Edmonton, AB (Canada)",-113.4909267,53.544389
"996","Rio de Janeiro (Brazil)",-43.1728965,-22.9068467
"997","Edinburgh, Scotland (UK)",-3.188267,55.953252
"998","Shamshabad (India)",78.4377349,17.25116
"999","Cambridge, East of England, England (UK)",0.121817,52.205337
"1000","Manama (Bahrain)",50.5860497,26.2285161
"1001","Habiganj (Bangladesh)",91.4506565,24.4771236
"1002","Naples (Italy)",14.26812,40.8517983
"1003","Milton, ON (Canada)",-79.8774042,43.5182991
"1004","Scurlage, Wales (UK)",-4.216944,51.566746
"1005","Bhopal (India)",77.412615,23.2599333
"1006","Kuttiadi (India)",75.7535455,11.6543212
"1007","Mira Road (India)",72.8688419,19.2871393
"1008","Balanagar (India)",78.4509937,17.4650059
"1009","Sangrur (India)",75.8420716,30.2457963
"1010","Hell (Cayman Islands)",-81.4064356,19.3792285
"1011","Bilaspur, Chhattisgarh (India)",82.1391412,22.0796251
"1012","Nakanoshima, Osaka (Japan)",135.492366,34.6911101
"1013","Bedford, England (UK)",-0.4666546,52.1359729
"1014","Rugeley, England (UK)",-1.935967,52.761515
"1015","Warrington, North West England, England (UK)",-2.5969501,53.3900441
"1016","Pratapgarh, Rajasthan (India)",74.7787387,24.0316509
"1017","Ghaziabad (India)",77.4537578,28.6691565
"1018","Copenhagen (Denmark)",12.5683372,55.6760968
"1019","Delta, BC (Canada)",-123.0264758,49.0952155
"1020","Vijayawada (India)",80.6480153,16.5061743
"1021","Port Elizabeth (South Africa)",25.6022423,-33.9608369
"1022","Tilbury, England (UK)",0.360498,51.463024
"1023","Sapporo-shi (Japan)",141.3543763,43.0620958
"1024","Tiruppur (India)",77.3410656,11.1085242
"1025","Allahabad (India)",81.846311,25.4358011
"1026","Norwich, England (UK)",1.297355,52.6308859
"1027","Roscommon (Ireland)",-8.1890955,53.6275906
"1028","Swansea, Wales (UK)",-3.943646,51.62144
"1029","Mississauga, ON (Canada)",-79.6441198,43.5890452
"1030","Gdańsk (Poland)",19.145136,51.919438
"1031","Chennimalai (India)",77.5963271,11.1627122
"1032","Hachiōji (Japan)",NA,NA
"1033","Dunfermline, Scotland (UK)",-3.452151,56.071741
"1034","Dunstall, England (UK)",-2.127666,52.59599
"1035","Lisbon (Portugal)",-9.1393366,38.7222524
"1036","Doncaster, England (UK)",-1.128462,53.52282
"1037","Burnaby, BC (Canada)",-122.9805104,49.2488091
"1038","Mewat (India)",77.0564464,28.0106916
"1039","Hyderābād, Sind (Pakistan)",NA,NA
"1040","Vadodara (India)",73.1812187,22.3071588
"1041","Motherwell, Scotland (UK)",-3.9810968,55.7832092
"1042","Calle Blancos (Costa Rica)",-84.0669545,9.9471209
"1043","Lagunilla, Heredia (Costa Rica)",-84.1250427,9.9704022
"1044","Leicester, England (UK)",-1.1397592,52.6368778
"1045","Richmond, London, England (UK)",-0.303742,51.461311
"1046","Werne (Germany)",7.631431,51.665041
"1047","San José, Alajuela (Costa Rica)",-84.4015075,10.0169099
"1048","Sonipat (India)",77.0150735,28.9930823
"1049","Fursungi (India)",73.9784573,18.4726725
"1050","Tilbrook, England (UK)",-0.4195704,52.3086
"1051","Dundee, Scotland (UK)",-2.970721,56.462018
"1052","Holborn, England (UK)",-1.9358831,55.6189591
"1053","Slough, Berkshire, South East England, England (UK)",-0.5950406,51.5105384
"1054","San Francisco, Heredia (Costa Rica)",-84.1197643,9.9981413
"1055","Port Coquitlam, BC (Canada)",-122.7810708,49.2628382
"1056","Gurgaon, Uttar Pradesh (India)",77.0266383,28.4594965
"1057","Haveli (India)",-72.665664,41.523649
"1058","Medchal (India)",78.4842132,17.6302223
"1059","Sholinganallur (India)",80.2279301,12.9009877
"1060","Nanded (India)",77.3209555,19.1382514
"1061","Courbevoie (France)",2.25929,48.900552
"1062","Mata de Plátano (Costa Rica)",-84.0219991,9.9517808
"1063","Peterborough, England (UK)",-0.2405299,52.5694985
"1064","Great Sankey, England (UK)",-2.642842,53.391619
"1065","Churchill, ON (Canada)",-94.164964,58.7684112
"1066","Haifa (Israel)",34.989571,32.7940463
"1067","Cagliari, Sardinia (Italy)",9.1216613,39.2238411
"1068","Bromley, England (UK)",0.013156,51.406025
"1069","Murshidabad (India)",88.2801785,24.1759039
"1070","Kollam (India)",76.6141396,8.8932118
"1071","Kurali (India)",76.5748309,30.8309927
"1072","Dobrovíz (Czech Republic)",15.472962,49.817492
"1073","Coimbatore North (India)",76.945778,11.060285
"1074","Sosnowiec, Greater Poland (Poland)",17.0584373,52.0802333
"1075","Windsor, ON (Canada)",-83.0363633,42.3149367
"1076","Loughborough, England (UK)",-1.206166,52.772099
"1077","Brasil, São Paulo (Brazil)",-46.6333094,-23.5505199
"1078","Bad Hersfeld (Germany)",9.7019675,50.8701345
"1079","Swindon, Wiltshire, South West England, England (UK)",-1.7797176,51.5557739
"1080","Nottingham, England (UK)",-1.1581086,52.9547832
"1081","Regensburg (Germany)",12.1016236,49.0134297
"1082","Bratislava - Rača (Slovakia)",NA,NA
"1083","West Bromwich, England (UK)",-1.995159,52.517664
"1084","Eindhoven (Netherlands)",5.4697225,51.441642
"1085","Dammam (Saudi Arabia)",50.0887943,26.4206828
"1086","Simon's Town (South Africa)",18.4356653,-34.1937654
"1087","Alexandria (Egypt)",29.9187387,31.2000924
"1088","West Drayton, London, England (UK)",-0.46541,51.502985
"1089","Warrington, South East England, England (UK)",-0.689833,52.176793
"1090","Hinjewadi (India)",73.7188233,18.597059
"1091","San Fernando de Henares (Spain)",-3.5104537,40.4290529
"1092","Kirchberg (Luxembourg)",6.153422,49.6278694
"1093","Stockport, England (UK)",-2.1266325,53.3933102
"1094","Milton Keynes, England (UK)",-0.7594171,52.0406224
"1095","Gourock, Scotland (UK)",-4.8168799,55.9591984
"1096","Wolverhampton, England (UK)",-2.12882,52.586973
"1097","Chennur (India)",78.7986181,14.5690744
"1098","Banga (India)",75.9956673,31.1959532
"1099","Abu Dhabi, Abu Dhabi (United Arab Emirates)",54.3773438,24.453884
"1100","Tiruchchirappalli (India)",78.7046725,10.7904833
"1101","Victoria, BC (Canada)",-123.3656444,48.4284207
"1102","Graben, Bayern (Germany)",10.8223549,48.1888315
"1103","Chak Nouda (Bangladesh)",90.356331,23.684994
"1104","Cologne (Germany)",6.9602786,50.937531
"1105","Rome (Italy)",12.4963655,41.9027835
"1106","Walton-on-Thames, England (UK)",-0.416969,51.38847
"1107","Surrey, BC (Canada)",-122.8490125,49.1913466
"1108","Daventry, England (UK)",-1.164947,52.257473
"1109","Wimbledon Park, England (UK)",-0.2003717,51.4345523
"1110","Marina di Caulonia (Italy)",16.4597284,38.3468983
"1111","Jalandhar, Punjab (India)",75.5761829,31.3260152
"1112","Brasília, Federal District (Brazil)",-47.9218204,-15.826691
"1113","Clichy (France)",2.304768,48.904526
"1114","West Thurrock, England (UK)",0.283495,51.475987
"1115","Luton, East of England, England (UK)",-0.4200255,51.8786707
"1116","ben (India)",73.9841249,15.3127557
"1117","Liverpool, England (UK)",-2.9915726,53.4083714
"1118","Gudgaon (India)",77.0266383,28.4594965
"1119","Chen (India)",-81.0267796,34.9743203
"1120","Dar es Salaam, Dar es Salaam (Tanzania)",39.2083284,-6.792354
"1121","Sevrey (France)",4.83919,46.736911
"1122","Yashawantnagar (India)",73.7168927,20.0536118
"1123","Guwahati (India)",91.7362365,26.1445169
"1124","Byfleet, England (UK)",-0.471357,51.340125
"1125","Praha (Slovakia)",19.5085851,48.3635701
"1126","North Goa (India)",73.9830029,15.5163112
"1127","South (India)",77.1461396,12.2601557
"1128","El Prat de Llobregat (Spain)",2.0959429,41.3120158
"1129","Vercelli (Italy)",8.4185735,45.3202272
"1130","Sriperumbudur (India)",79.9465841,12.9666662
"1131","Ponneri (India)",80.1929013,13.3378301
"1132","Croydon, England (UK)",-0.098234,51.376165
"1133","Bathgate, Scotland (UK)",-3.643118,55.9024
"1134","Haridwar (India)",78.1642478,29.9456906
"1135","Kuching, Sarawak (Malaysia)",110.3592927,1.553504
"1136","Contai (India)",87.7450379,21.7811343
"1137","Rangpur (Bangladesh)",89.275227,25.7438916
"1138","Mysore (India)",76.6393805,12.2958104
"1139","Geneva (Switzerland)",6.1431577,46.2043907
"1140","Brisbane (Australia)",153.0251235,-27.4697707
"1141","Washington Gardens (Jamaica)",-76.844708,18.0234226
"1142","Virginia (South Africa)",26.8556955,-28.1063858
"1143","Chandigarh (India)",76.7794179,30.7333148
"1144","Leipzig (Germany)",12.3730747,51.3396955
"1145","Ridgmont, England (UK)",-0.578712,52.0152061
"1146","Bhiwandi (India)",73.0482912,19.2812547
"1147","Orléans (France)",-81.3564308,28.5959998
"1148","Pune (East Timor)",73.8567437,18.5204303
"1149","Bridgend, Wales (UK)",-3.576945,51.504286
"1150","Kirkcaldy, Scotland (UK)",-3.158137,56.1168249
"1151","Arruda dos Vinhos (Portugal)",-9.0774591,38.9835516
"1152","Rheinberg (Germany)",6.5899097,51.5460798
"1153","Thane (Australia)",151.7124648,-28.1610575
"1154","Pune (Brazil)",-54.908218,1.979098
"1155","Thane (India)",72.9780897,19.2183307
"1156","Hayes, England (UK)",-0.436786,51.516758
"1157","Zhangye, Gansu (China)",100.449818,38.925875
"1158","Normanton, Yorkshire and the Humber, England (UK)",-1.417148,53.700876
"1159","Lauwin-Planque (France)",3.045871,50.390242
"1160","Khammam (India)",80.1514447,17.2472528
"1161","Jaipur, West Bengal (India)",86.1459216,23.4168707
"1162","Koblenz, Rheinland-Pfalz (Germany)",7.5889959,50.3569429
"1163","Newhaven, England (UK)",0.045574,50.79307
"1164","Thimphu (Bhutan)",89.6392863,27.4727924
"1165","Secunderābād (Bangladesh)",NA,NA
"1166","Nagla Dehli (India)",77.4049277,28.727872
"1167","Vellore (India)",79.1324986,12.9165167
"1168","Santo Domingo (Dominican Republic)",-69.9312117,18.4860575
"1169","Dalian, Liaoning (China)",121.614682,38.914003
"1170","San Bernardino (Colombia)",-74.421566,4.179444
"1171","Woking, England (UK)",-0.5600349,51.316774
"1172","Lohgaon (India)",77.5805685,18.8043332
"1173","Brighton, England (UK)",-0.137163,50.82253
"1174","Basildon, East of England, England (UK)",0.488736,51.576084
"1175","Atlanta (South Africa)",-84.3843277,33.8416604
"1176","Espoo (Finland)",24.6559,60.2054911
"1177","Stafford, England (UK)",-2.12066,52.806693
"1178","East Anglia, SK (Canada)",-108.4632261,53.400342
"1179","Knowsley, England (UK)",-2.8279791,53.4328247
"1180","Glenrothes, Scotland (UK)",-3.15986,56.200842
"1181","Loughor, Wales (UK)",-4.067286,51.665095
"1182","Poznań, Greater Poland (Poland)",16.9251681,52.406374
"1183","Unknown (Bangladesh)",90.356331,23.684994
"1184","Vaughan, ON (Canada)",-79.508276,43.8372079
"1185","Ambala (Sri Lanka)",76.7766974,30.3781788
"1186","Banga, Negros Occidental (Philippines)",122.5966549,9.8322466
"1187","Castle Donington, England (UK)",-1.3373001,52.845016
"1188","Rovinj (Croatia)",13.6387067,45.0811661
"1189","Abidjan (Cote d'Ivoire)",-4.0082563,5.3599517
"1190","Farringdon, England (UK)",-1.584679,51.658477
"1191","Mohali, Punjab (India)",76.7178726,30.7046486
"1192","Tharamani (India)",80.2432273,12.9813882
"1193","Asia (Philippines)",121.774017,12.879721
"1194","San José, Heredia (Costa Rica)",-84.1197643,9.9981413
"1195","Bournemouth, England (UK)",-1.880769,50.719164
"1196","Oldham, England (UK)",-2.1113659,53.5409298
"1197","Apac (Uganda)",32.6277455,1.8730263
"1198","Wednesbury, England (UK)",-2.02208,52.552888
"1199","Karlovy Vary (Czech Republic)",12.8719616,50.2318521
"1200","Papine (Jamaica)",-76.736538,18.0115978
"1201","Al Ma‘rfuţ (Yemen)",48.516388,15.552727
"1202","Slough, Buckinghamshire, South East England, England (UK)",-0.5950406,51.5105384
"1203","Amba (Russia)",82.7654223,55.4358839
"1204","Mia (Democratic Republic of Congo)",15.2753641,-4.310348
"1205","No Man's Heath, England (UK)",-2.723161,53.026096
"1206","Mississauga Valley, ON (Canada)",-79.616967,43.597916
"1207","Cyberjaya (Malaysia)",101.6559349,2.921318
"1208","Dudelange (Luxembourg)",6.0858789,49.4784623
"1209","Carrigaline (Ireland)",-8.3914957,51.817905
"1210","Boves (France)",2.390545,49.845461
"1211","Frankenthal (Pfalz) (Germany)",8.3512342,49.5431853
"1212","Kobern-Gondorf (Germany)",7.45779,50.3037502
"1213","Saran (France)",1.880734,47.94791
"1214","The Hague (Netherlands)",4.3006999,52.0704978
"1215","Pforzheim (Germany)",8.6946286,48.8921862
"1216","Gidy (France)",1.832722,47.991023
"1217","Grenoble (France)",5.724524,45.188529
"1218","Montélimar (France)",2.213749,46.227638
"1219","Dortmund (Germany)",7.4652981,51.5135872
"1220","Er Reina (Israel)",35.317654,32.719924
"1221","Strasbourg (France)",7.7521113,48.5734053
"1222","Brieselang (Germany)",12.993372,52.5887167
"1223","Winsen (Luhe) (Germany)",10.2127204,53.3574436
"1224","Lagunilla, San Jose (Costa Rica)",-84.1250427,9.9704022
"1225","Lyon (France)",4.835659,45.764043
"1226","Cannes (France)",7.017369,43.552847
"1227","Élancourt (France)",1.960077,48.782907
"1228","Burghaslach (Germany)",10.6005322,49.7336234
"1229","Kassel (Germany)",9.4797461,51.3127114
"1230","Hard Bargain (Jamaica)",-77.297508,18.109581
"1231","Los Lunas, NM",-106.7333599,34.806166
"1232","West Menlo Park, CA",-122.2030209,37.4335499
"1233","Martinez, CA",-122.1341321,38.0193657
"1234","Altoona, IA",-93.4750836,41.6435514
"1235","Lewisville, TX",-96.994174,33.046233
"1236","Pleasant Hill, CA",-122.0607963,37.9479786
"1237","Myrtle Beach, SC",-78.8866943,33.6890603
"1238","Carlisle, MA",-71.3495046,42.5292597
"1239","Warrensville Heights, OH",-81.5102655,41.4323067
"1240","Decatur, GA",-84.2963123,33.7748275
"1241","Prineville, OR",-120.8344664,44.2998485
"1242","Forest City, NC",-81.8651028,35.3340108
"1243","Lagos (Nigeria)",3.3792057,6.5243793
"1244","Makassar (Indonesia)",119.4327314,-5.1476651
"1245","Douala (Cameroon)",9.7678687,4.0510564
"1246","Islamabad, Islamabad (Pakistan)",73.0478848,33.6844202
"1247","Katsina, Katsina (Nigeria)",7.6222665,12.9815608
"1248","Casablanca (Morocco)",-7.5898434,33.5731104
"1249","Gojra, Punjab (Pakistan)",72.6811507,31.1504688
"1250","Ālipur, Sylhet (Bangladesh)",91.8687063,24.8949294
"1251","Bury, North West England, England (UK)",-2.2966054,53.5933498
"1252","Mpkakathini (South Africa)",32.4353995,-27.4970155
"1253","Jabinyānah (Tunisia)",NA,NA
"1254","Melaka (Malaysia)",102.2500868,2.189594
"1255","Roseau (Dominica)",-61.3793554,15.3091676
"1256","Makati City (Philippines)",121.0244452,14.554729
"1257","Bacolod City (Philippines)",122.9563021,10.6840053
"1258","Khulna (Bangladesh)",89.5403279,22.845641
"1259","Cagayan de Oro (Philippines)",124.6318977,8.4542363
"1260","Los Gatos, CA",-121.9623751,37.2358078
"1261","Norcross, GA",-84.2135309,33.9412127
"1262","Hollywood, CA",-118.3286614,34.0928092
"1263","Colorado Springs, CO",-104.8213634,38.8338816
"1264","Farmington Hills, MI",-83.3677168,42.4989936
"1265","Clearwater, FL",-82.8001026,27.9658533
"1266","Santa Ana, CA",-117.867653,33.7454725
"1267","Beverly Hills, CA",-118.4003563,34.0736204
"1268","Southfield, MI",-83.2218731,42.4733688
"1269","Anaheim, CA",-117.9143012,33.8365932
"1270","Morgan Hill, CA",-121.6543901,37.1305012
"1271","Gilroy, CA",-121.5682751,37.0057816
"1272","Frisco, TX",-96.8236116,33.1506744
"1273","Lindenwold, NJ",-74.9851678,39.8201681
"1274","Beaverton, OR",-122.8013332,45.4887993
"1275","Grove City, OH",-83.0929644,39.8814519
"1276","Boise, ID",-116.2023137,43.6150186
"1277","Worcester, MA",-71.8022934,42.2625932
"1278","Lansing, MI",-84.5555347,42.732535
"1279","South Portland, ME",-70.2408811,43.6414716
"1280","Anchorage, AK",-149.9002778,61.2180556
"1281","Michigantown, IN",-86.3927764,40.3264255
"1282","Chiang Mai (Thailand)",98.9817163,18.7060641
"1283","Sartrouville (France)",2.158431,48.941106
"1284","Lakewood, CO",-105.0813734,39.7047095
"1285","Elmhurst, NY",-73.8801301,40.737975
"1286","Tukwila, WA",-122.2609558,47.4739884
"1287","Bridgewater, NJ",-74.6049061,40.5939636
"1288","Short Pump, VA",-77.6278377,37.6661089
"1289","Metairie, LA",-90.1528519,29.9840922
"1290","Tulsa, OK",-95.992775,36.1539816
"1291","Freehold, NJ",-74.3000878,40.2136754
"1292","Macon, GA",-83.6324022,32.8406946
"1293","Burlingame, CA",-122.34809,37.5778696
"1294","Mangum, OK",-99.5042561,34.8720044
"1295","Birmingham, AL",-86.8103567,33.5185892
"1296","East Lansing, MI",-84.4838654,42.7369792
"1297","Victor, NY",-77.4088794,42.9825633
"1298","Honolulu, HI",-157.8583333,21.3069444
"1299","Kahala, HI",-157.7864379,21.2697044
"1300","Rockaway, NJ",-74.5143232,40.9012101
"1301","Woodbridge, VA",-77.2497049,38.6581722
"1302","Elk Grove, CA",-121.3716178,38.4087993
"1303","Costa Mesa, CA",-117.9188221,33.6412156
"1304","Garden City, NY",-73.6342954,40.7267682
"1305","Temecula, CA",-117.1483648,33.4936391
"1306","Manhattan Beach, CA",-118.4109089,33.8847361
"1307","Ardmore, PA",-75.2854622,40.0067785
"1308","Northbrook, IL",-87.8289548,42.1275267
"1309","Northport, NY",-73.3431727,40.9009313
"1310","Des Peres, MO",-90.4328968,38.6008862
"1311","Broomfield, CO",-105.0866504,39.9205411
"1312","Leawood, KS",-94.6169012,38.966673
"1313","Woodbury, NJ",-75.1526774,39.8381691
"1314","Albany, NY",-73.7562317,42.6525793
"1315","Longmont, CO",-105.1019275,40.1672068
"1316","Flat Rock, MI",-83.2918744,42.0964314
"1317","Menlo Park, NJ",-74.3373708,40.565104
"1318","Oro Valley, AZ",-110.966488,32.3909071
"1319","Greenwich, CT",-73.6281964,41.0262417
"1320","Copperton, UT",-112.0974407,40.5646688
"1321","Sparks, NV",-119.7526886,39.5349112
"1322","Madison, TN",-86.7143516,36.2562002
"1323","Minden, NV",-119.7657332,38.9540739
"1324","Stonestown, CA",-122.4794164,37.7282649
"1325","Wauwatosa, WI",-88.0075875,43.0494572
"1326","Cameron, NC",-79.255303,35.3268226
"1327","Oakbrook Terrace, IL",-87.9645077,41.8500302
"1328","Balch Springs, TX",-96.6227714,32.7287413
"1329","Aventura, FL",-80.1392121,25.9564812
"1330","Sherman Oaks, CA",-118.451357,34.1489719
"1331","Valencia, CA",-118.5713823,34.456151
"1332","Edina, MN",-93.3499489,44.8896866
"1333","Manhasset, NY",-73.6995749,40.7978787
"1334","Bethesda, MD",-77.0947092,38.984652
"1335","Lake Grove, NY",-73.1151102,40.8528761
"1336","Southlake, TX",-97.1341783,32.9412363
"1337","Littleton, CO",-105.0166498,39.613321
"1338","Santa Rosa, CA",-122.7140548,38.440429
"1339","Wellington, FL",-80.2683571,26.6617635
"1340","Northridge, CA",-118.530123,34.2381251
"1341","Columbia, MD",-76.8610462,39.2037144
"1342","Mount Pleasant, SC",-79.8284258,32.8323225
"1343","Mesa, AZ",-111.8314724,33.4151843
"1344","Middletown, NY",-74.4229341,41.4459271
"1345","Thousand Oaks, CA",-118.8375937,34.1705609
"1346","Elyria, OH",-82.1076486,41.3683798
"1347","Jonesboro, AR",-90.704279,35.8422967
"1348","Highpoint, MS",-89.146111,33.188056
"1349","Artesia, CA",-118.0831212,33.8658484
"1350","Cocoa, FL",-80.7419984,28.3861159
"1351","Braintree, MA",-71.0040013,42.2079017
"1352","Danbury, CT",-73.4540111,41.394817
"1353","Estero, FL",-81.8067523,26.438136
"1354","Roseville, MN",-93.1566107,45.0060767
"1355","Fairport, NY",-77.4419378,43.0986742
"1356","Scottsdale, AZ",-111.9260519,33.4941704
"1357","Alpharetta, GA",-84.2940899,34.0753762
"1358","Westlake, OH",-81.9179173,41.4553232
"1359","Riverside, IL",-87.8228357,41.8350316
"1360","Athens, GA",-83.357567,33.9519347
"1361","Whitehall, PA",-75.4985521,40.6572331
"1362","Surprise, AZ",-112.3679279,33.6292337
"1363","Lawrence, NJ",-74.7294313,40.2778055
"1364","Avon, MA",-71.0411582,42.1306554
"1365","Manchester, CT",-72.5215009,41.7759301
"1366","Friendswood, TX",-95.2010447,29.5293998
"1367","Towson, MD",-76.6019125,39.4014955
"1368","Mentor, OH",-81.339552,41.6661573
"1369","Totowa, NJ",-74.2098679,40.9050988
"1370","Plymouth, MN",-93.4555093,45.0105194
"1371","Pullman, WA",-117.1817377,46.7297771
"1372","Holyoke, MA",-72.6162009,42.2042586
"1373","Stanford, CA",-122.1660756,37.424106
"1374","Fayetteville, NC",-78.8783585,35.0526641
"1375","Longview, TX",-94.7404891,32.5007037
"1376","Schaumburg, IL",-88.0834059,42.0333607
"1377","Orland Park, IL",-87.8539425,41.6303103
"1378","Brea, CA",-117.9002918,33.916475
"1379","Sugar Land, TX",-95.6349463,29.6196787
"1380","Santa Cruz, CA",-122.0307963,36.9741171
"1381","Cumberland, RI",-71.4061876,41.9721816
"1382","Shawnee, OK",-96.9253004,35.3272928
"1383","Lorton, VA",-77.2277603,38.704282
"1384","Willow Glen, CA",-121.9135599,37.2944276
"1385","Maiden, NC",-81.2117473,35.5756889
"1386","Bloomington, MN",-93.2982799,44.840798
"1387","Lehigh Valley, PA",-75.4751457,40.6010681
"1388","Portland, ME",-70.2568189,43.6590993
"1389","Short Hills, NJ",-74.3232194,40.7483499
"1390","Germantown, TN",-89.8100858,35.0867577
"1391","Hartville, OH",-81.3312195,40.9636685
"1392","Lincoln, CA",-121.2930079,38.891565
"1393","Exeter, PA",-75.8190835,41.3206358
"1394","Novi, MI",-83.4754913,42.48059
"1395","White Plains, NY",-73.7629097,41.0339862
"1396","Murray, UT",-111.8879909,40.6668916
"1397","Troy, MI",-83.1497751,42.6064095
"1398","Roseville, CA",-121.2880059,38.7521235
"1399","Midvale, UT",-111.8999353,40.6110589
"1400","Woodmere, OH",-81.4806747,41.4622757
"1401","Willow Grove, PA",-75.1157286,40.1439985
"1402","Coral Gables, FL",-80.2635411,25.7491968
"1403","Auburndale, FL",-81.7886906,28.0652975
"1404","Boca Raton, FL",-80.1289321,26.3683064
"1405","Chestnut Hill, MA",-88.2491605,42.9751644
"1406","Lawson, MO",-94.2041096,39.4383387
"1407","Woodcliff Lake, NJ",-74.0665297,41.0234304
"1408","Elmwood Park, NJ",-74.118476,40.9039878
"1409","Hingham, MA",-70.889759,42.2418172
"1410","Garner, NC",-78.6141709,35.7112642
"1411","Natick, MA",-71.3468091,42.2775281
"1412","Yonkers, NY",-73.8987469,40.9312099
"1413","Salem, NH",-71.2008912,42.7885553
"1414","Mansfield, MA",-71.2190578,42.0334565
"1415","Atlanta, TX",-94.1643537,33.1137419
"1416","Century City, CA",-118.4133894,34.0536608
"1417","Redding, CA",-121.8474493,40.7908864
"1418","Oak Brook, IL",-87.9535534,41.8397865
"1419","Marietta, GA",-84.5499327,33.952602
"1420","Layton, UT",-111.9710529,41.0602216
"1421","Independence, MO",-94.4155068,39.0911161
"1422","Portsmouth, VA",-76.2982742,36.8354258
"1423","Fairfax, VA",-77.3063733,38.8462236
"1424","Providence, RI",-71.4128343,41.8239891
"1425","Halls Fifth Avenue Condominium, UT",-111.8677134,40.7755017
"1426","Corte Madera, CA",-122.5274755,37.9254806
"1427","Nanuet, NY",-74.013473,41.0887073
"1428","Norwalk, CT",-73.4081575,41.117744
"1429","Rockford, IL",-89.0939952,42.2711311
"1430","Bridgeport, CT",-73.1894384,41.1792258
"1431","Peoria, AZ",-112.2373779,33.5805955
"1432","Reedley, CA",-119.4504029,36.5963395
"1433","Trumbull, CT",-73.2006639,41.2428563
"1434","North Canton, OH",-81.4023356,40.875891
"1435","Fayetteville, AR",-94.1718542,36.082156
"1436","Tysons, VA",-77.2310925,38.9187222
"1437","Wheeling, WV",-80.7209149,40.0639616
"1438","Annandale, VA",-77.1963703,38.8303905
"1439","Lancaster, PA",-76.1783739,40.0466571
"1440","Westminster, CO",-105.0372046,39.8366528
"1441","Palm Desert, CA",-116.3744556,33.7222445
"1442","Richmond Hill, GA",-81.3034433,31.9382652
"1443","Grand Lake, CO",-105.8230671,40.2522073
"1444","Atherton, CA",-122.197743,37.4613272
"1445","Bradenton, FL",-82.5748194,27.4989278
"1446","Encinitas, CA",-117.2919818,33.0369867
"1447","The Woodlands, TX",-95.4612625,30.1658207
"1448","Latrobe, PA",-79.3794811,40.3211808
"1449","Marlton, NJ",-74.9218324,39.8912248
"1450","Buford, GA",-84.0043513,34.1206564
"1451","Casselberry, FL",-81.3278455,28.677775
"1452","El Sobrante, CA",-122.2952474,37.9771452
"1453","Smithtown, NY",-73.2006687,40.8559314
"1454","Rochester, NY",-77.6088465,43.1565779
"1455","Wichita, KS",-97.330053,37.6871761
"1456","Cresskill, NJ",-73.9593041,40.9414874
"1457","Bellerose, NY",-73.7154014,40.7243707
"1458","Fishers, IN",-86.01335,39.9567548
"1459","Newbury, MA",-70.8714528,42.7649497
"1460","Boaz, AL",-86.1520969,34.2031662
"1461","Monterey, CA",-121.8946761,36.6002378
"1462","Caguas, PR",-66.035249,18.2387995
"1463","Sheffield Lake, OH",-82.1015369,41.48754
"1464","Massapequa Park, NY",-73.4553119,40.6804893
"1465","Marlborough, MA",-71.5522874,42.3459271
"1466","Titusville, FL",-80.8075537,28.6122187
"1467","Long Beach, NY",-73.657908,40.5884373
"1468","Medford, MA",-71.1061639,42.4184296
"1469","Trophy Club, TX",-97.1836246,32.9979014
"1470","Privateer, SC",-80.3936994,33.8170125
"1471","Farmington, CT",-72.795027,41.7360305
"1472","Emeryville, CA",-122.2852473,37.831316
"1473","Snellville, GA",-84.0199108,33.857328
"1474","Baldwin Park, CA",-117.9608978,34.0852868
"1475","South Brunswick Terrace, NJ",-74.5662666,40.3792734
"1476","Cerritos, CA",-118.0647871,33.8583483
"1477","Post Falls, ID",-116.9515856,47.7179578
"1478","Tuscaloosa, AL",-87.5691735,33.2098407
"1479","Atlantic City, NJ",-74.4229266,39.3642834
"1480","Scarborough, ME",-70.3344921,43.5901974
"1481","Conway, AR",-92.4421011,35.0886963
"1482","Murrieta, CA",-117.2139232,33.5539143
"1483","Delray Beach, FL",-80.0728201,26.4614625
"1484","Bethlehem, PA",-75.3704579,40.6259316
"1485","Pembroke Pines, FL",-80.2962555,26.007765
"1486","New Portsmouth, NH",-70.7625532,43.0717552
"1487","Bedford, NH",-71.5132008,42.9463291
"1488","Toledo, OH",-83.5378674,41.6528052
"1489","Voorhees, NJ",-74.961517,39.8519447
"1490","Taylorsville, UT",-111.9388258,40.6677248
"1491","Syracuse, NY",-76.1474244,43.0481221
"1492","Madison, AL",-86.7483318,34.6992579
"1493","Danville, CA",-121.9999606,37.8215929
"1494","Burlington, MA",-71.1956205,42.5047161
"1495","Gainesville, GA",-83.8240663,34.2978794
"1496","Palm Springs, CA",-116.5452921,33.8302961
"1497","Waikïkï, HI",-155.5827818,19.8967662
"1498","Ridgeland, MS",-90.1323087,32.4284761
"1499","Hanover, NH",-72.2895526,43.7022451
"1500","Glendora, NJ",-75.0735056,39.8395581
"1501","Fairview, NJ",-73.999028,40.8126006
"1502","Laguna Hills, CA",-117.6986604,33.5916433
"1503","West New York, NJ",-74.0143064,40.7878788
"1504","Tigard, OR",-122.7872599,45.4186798
"1505","Appleton, WI",-88.4153847,44.2619309
"1506","Jackson, NJ",-74.3587473,40.0918895
"1507","Rosemount, MN",-93.1257723,44.7394103
"1508","Bountiful, UT",-111.880771,40.8893895
"1509","McLean, VA",-77.1772604,38.9338676
"1510","Provo, UT",-111.6585337,40.2338438
"1511","Brookline, MA",-71.1211635,42.3317642
"1512","Fair Oaks, VA",-77.3160896,37.5307016
"1513","Noblesville, IN",-86.0085955,40.0455917
"1514","Woodside, NY",-73.9036487,40.7512123
"1515","Northfield, NJ",-74.5501546,39.3703942
"1516","Spring, TX",-95.4171601,30.0799405
"1517","Lawtey, FL",-82.0717733,30.0441284
"1518","Elmhurst, IL",-87.9403418,41.8994744
"1519","Canoga Park, CA",-118.6058609,34.208254
"1520","Paramount, CA",-118.1597911,33.8894598
"1521","Hutto, TX",-97.5466702,30.5426995
"1522","Sacramento, NE",-99.2750953,40.4089005
"1523","Shelton, CT",-73.0931641,41.3164856
"1524","Tyrone, GA",-84.5971524,33.4712253
"1525","Cherry Hill, NJ",-75.0246312,39.926813
"1526","Mastic, NY",-72.8409359,40.8020431
"1527","Saint Cloud, FL",-81.2811801,28.2489016
"1528","Stamford, CT",-73.5387341,41.0534302
"1529","Livermore, CA",-121.7680088,37.6818745
"1530","Cedar Park, TX",-97.8202888,30.505198
"1531","Newport Beach, CA",-117.9298493,33.6188829
"1532","Altamonte Springs, FL",-81.3656242,28.6611089
"1533","Plantation, FL",-80.2331036,26.1275862
"1534","Pleasanton, CA",-121.8746789,37.6624312
"1535","Lyndhurst, OH",-81.4887315,41.5200523
"1536","Sharon, MA",-71.1786237,42.1236499
"1537","Elkridge, MD",-76.7625073,39.1978788
"1538","Fairlawn, OH",-81.609844,41.127833
"1539","Germantown, MD",-77.2716502,39.1731621
"1540","East Freehold, NJ",-74.2512566,40.2809438
"1541","Baldwin, NY",-73.6119129,40.6686336
"1542","Cranston, RI",-71.4372796,41.7798226
"1543","North Dartmouth, MA",-70.9694555,41.640396
"1544","Farmington, UT",-111.8874392,40.9804999
"1545","Cape Canaveral, FL",-80.6077132,28.3922182
"1546","Folly Beach, SC",-79.9403673,32.6551798
"1547","Chapel Hill, NC",-79.0558445,35.9131996
"1548","Berwyn, IL",-87.7936685,41.8505874
"1549","Glendale, Andrew, MO",-90.3770617,38.5958859
"1550","Clarendon, VA",-77.0848299,38.891171
"1551","Fort Myers, FL",-81.8723084,26.640628
"1552","Roselle, IL",-88.0797933,41.9847504
"1553","Whitefish Bay, WI",-87.9000856,43.1133444
"1554","Binghamton, NY",-75.9179738,42.0986867
"1555","Willowbrook, IL",-87.9358931,41.7697533
"1556","Mission Viejo, CA",-117.6581562,33.5968913
"1557","Christiana, DE",-75.6571802,39.6799696
"1558","Addison, TX",-96.8291685,32.96179
"1559","Cool Springs, TN",-86.8130574,35.9587006
"1560","Millersville, PA",-76.3541274,39.9978764
"1561","Israel Haul, DE",-75.1868527,38.5781684
"1562","Joplin, MO",-94.513281,37.0842271
"1563","Rohnert Park, CA",-122.7010984,38.3396367
"1564","Bernalillo, NM",-106.5511369,35.30004
"1565","Chino Hills, CA",-117.7325848,33.9898188
"1566","Sunrise, FL",-80.256595,26.1669711
"1567","Brookhaven, NY",-72.995048,40.8273786
"1568","Norwood, OH",-84.4542798,39.1644798
"1569","Secane, PA",-75.302131,39.9140013
"1570","Canyon Country, CA",-118.4720633,34.4235425
"1571","Luling, TX",-97.647498,29.6805066
"1572","Middle Village, Otsego, NY",-74.8298717,42.8331288
"1573","Elizabethton, TN",-82.2106876,36.3487196
"1574","Miami Springs, FL",-80.289495,25.8223198
"1575","Medina, OH",-81.8552196,41.143245
"1576","Uniondale, NY",-73.5929056,40.7003793
"1577","Somerville, MA",-71.0994968,42.3875968
"1578","Bethany, OK",-97.6322639,35.5186678
"1579","Brentwood, NY",-73.2462273,40.7812093
"1580","Bakersfield, CA",-119.0187125,35.3732921
"1581","Riverside, NJ",-74.9573908,40.0323338
"1582","Torrance, CA",-118.3406288,33.8358492
"1583","Montebello, CA",-118.1137535,34.0165053
"1584","Kettering, OH",-84.1688274,39.6895036
"1585","Annapolis, MD",-76.4921829,38.9784453
"1586","Hempstead, NY",-73.6187397,40.7062128
"1587","Magnolia, TX",-95.7507815,30.2093794
"1588","South Florida, FL",-81.5157535,27.6648274
"1589","Silver Spring, MD",-77.026088,38.9906657
"1590","Woodbury, MN",-92.9593797,44.9238552
"1591","Hiram, GA",-84.7621592,33.8756601
"1592","Duxbury, MA",-70.6722767,42.0417525
"1593","Ashtabula, OH",-80.7898089,41.8650534
"1594","Campbell, CA",-121.9499568,37.2871651
"1595","Lemont, IL",-88.0017261,41.673642
"1596","Drexel Hill, PA",-75.2921301,39.9470567
"1597","Rancho Cordova, CA",-121.302728,38.5890723
"1598","Visalia, CA",-119.2920585,36.3302284
"1599","El Mirage, AZ",-112.3246042,33.6130942
"1600","Columbiana, OH",-80.6939643,40.8883931
"1601","Beverly, MA",-70.880049,42.5584283
"1602","Westland, MI",-83.400211,42.324204
"1603","Shreveport, LA",-93.7501789,32.5251516
"1604","Stratham, NH",-70.9163873,43.0228677
"1605","Lakeville, MN",-93.24272,44.6496868
"1606","Aberdeen, SD",-98.4864829,45.4646985
"1607","West Jordan, UT",-111.9391031,40.6096698
"1608","Leesburg, VA",-77.5636015,39.1156615
"1609","Madison Heights, MI",-83.1052028,42.4858692
"1610","Nowhere, OK",-98.4422802,35.1592256
"1611","Wharton, NJ",-74.5818254,40.8931546
"1612","Townsend, MA",-71.7051265,42.6667718
"1613","Hampton, VA",-76.3452218,37.0298687
"1614","Deerfield, IL",-87.8445119,42.1711365
"1615","Waltham, MA",-71.2356113,42.3764852
"1616","North Westchester, CT",-72.4011956,41.5809322
"1617","Deer Park, IL",-88.0814651,42.1608585
"1618","Bedford, MA",-71.2760089,42.4906231
"1619","Lincoln Park, MI",-83.1785361,42.2505943
"1620","Fulton, MD",-76.9230507,39.1511692
"1621","Woodland Hills, CA",-118.6089752,34.165357
"1622","Fairfield, CT",-73.2612615,41.1408363
"1623","Tunis, MI",-88.6176377,46.4432773
"1624","Bismarck, ND",-100.7837392,46.8083268
"1625","Cocoa Beach, FL",-80.6075513,28.3200067
"1626","West Hollywood, CA",-118.3617443,34.0900091
"1627","La Jolla, CA",-117.2712717,32.8328112
"1628","Nassau, NY",-73.6101159,42.5159145
"1629","Chula Vista, CA",-117.0841955,32.6400541
"1630","Oak Park, IL",-87.7845025,41.8850317
"1631","Beachwood, OH",-81.5087322,41.4644979
"1632","Tyson's Corner, Fairfax, VA",-77.2310925,38.9187222
"1633","Mishawaka, IN",-86.1586156,41.6619927
"1634","Cape Colony, NC",-76.5816089,36.0196055
"1635","Lafayette, LA",-92.0198427,30.2240897
"1636","Peekskill, NY",-73.9204158,41.2900939
"1637","Quantico, VA",-77.2900787,38.5229229
"1638","Milton, FL",-87.0396881,30.6324149
"1639","Newark, WV",-81.3976195,39.1189673
"1640","Beavercreek, OH",-84.0632685,39.7092262
"1641","Anchor Point, AK",-151.8313889,59.7766667
"1642","South San Jose Hills, CA",-117.9047845,34.0127894
"1643","Wayne, NJ",-74.2765441,40.9253725
"1644","Green Hills, Davidson, TN",-86.8170132,36.1069839
"1645","South Houston, TX",-95.2354902,29.663008
"1646","Grandview, MO",-94.5330096,38.8858407
"1647","Madison, NJ",-74.417097,40.7598227
"1648","Temple, TX",-97.342782,31.0982344
"1649","Springfield, MA",-72.589811,42.1014831
"1650","Glasgow, KY",-85.9119215,36.9958839
"1651","Glandorf, OH",-84.0791114,41.0289404
"1652","North Providence, RI",-71.4676639,41.8535518
"1653","Clemson, SC",-82.8373654,34.6834382
"1654","Charleroi, PA",-79.8981035,40.1378499
"1655","Columbia City, IN",-85.4883127,41.1572686
"1656","Ashford, AL",-85.236321,31.1829562
"1657","Clinton Township, MI",-82.9195514,42.5868882
"1658","Lone Tree, CO",-104.8970678,39.536482
"1659","Mableton, GA",-84.5824329,33.8187167
"1660","Roosevelt, NY",-73.5890168,40.678713
"1661","Athens, OH",-82.1012554,39.3292396
"1662","Cheektowaga, NY",-78.7542892,42.9071477
"1663","Walnut, CA",-117.8653386,34.0202894
"1664","Rockland, NY",-73.9830029,41.1489458
"1665","Huntington Station, NY",-73.4115091,40.8534318
"1666","Rexburg, ID",-111.7924237,43.8231096
"1667","Carbondale, IL",-89.2167501,37.7272727
"1668","Hattiesburg, MS",-89.2903392,31.3271189
"1669","Daleville, IN",-85.5580301,40.1211545
"1670","Key West, FL",-81.7799871,24.5550593
"1671","Kingston, RI",-71.5225598,41.4803791
"1672","Cork, GA",-8.4437053,51.896524
"1673","Minnetonka, MN",-93.4687489,44.9211836
"1674","Yukon, OK",-97.7625441,35.5067215
"1675","California, MD",-76.5074542,38.3004029
"1676","Las Cruces, NM",-106.7636538,32.3199396
"1677","Palm Beach Gardens, FL",-80.1386547,26.8233946
"1678","Hampden Sydney, VA",-78.4597173,37.2423746
"1679","Huntsville, AL",-86.5861037,34.7303688
"1680","Townshipin Cities, MN",-93.4410904,45.5223704
"1681","Escondido, CA",-117.086421,33.1192068
"1682","Austin, MN",-92.9746367,43.6666296
"1683","Oak Brook Mall Branch, IL",-87.9535534,41.8397865
"1684","West Nyack, NY",-73.9729162,41.096485
"1685","Potomac, MD",-77.2085914,39.0181651
"1686","Mid Florida, FL",-81.367974,28.4130291
"1687","Hurst, TX",-97.1705678,32.8234621
"1688","Simi Valley, CA",-118.781482,34.2694474
"1689","West Des Moines, IA",-93.7593841,41.5638902
"1690","Madurai North (India)",78.1197754,9.9252007
"1691","Newcastle upon Tyne, England (UK)",-1.61778,54.978252
"1692","Herzliya (Israel)",34.844675,32.162413
"1693","Kilkenny (Ireland)",-7.2447879,52.6541454
"1694","Ang Mo Kio, North-East (Singapore)",103.8454342,1.3691149
"1695","Novena, Central (Singapore)",103.8424319,1.3208572
"1696","Wenzhou, Zhejiang (China)",120.699361,27.993828
"1697","La Prairie, QC (Canada)",-73.4830021,45.4159003
"1698","Zagreb (Croatia)",15.9819189,45.8150108
"1699","Tripoli (Libya)",13.1913383,32.8872094
"1700","Exeter, England (UK)",-3.533899,50.718412
"1701","Idkū (Egypt)",30.802498,26.820553
"1702","Milwa (South Africa)",-87.9064736,43.0389025
"1703","Waterford (Ireland)",-7.1100702,52.2593197
"1704","Nguru, Yobe (Nigeria)",10.4565159,12.8775114
"1705","Burlington, ON (Canada)",-79.7990319,43.3255196
"1706","Halifax, NS (Canada)",-63.5752387,44.6487635
"1707","Kitakyūshū (Japan)",138.252924,36.204824
"1708","Richmond, BC (Canada)",-123.133569,49.1665898
"1709","Reading, England (UK)",-0.9781303,51.4542645
"1710","Adelaide (Australia)",138.6007456,-34.9284989
"1711","Chermside (Australia)",153.0294751,-27.3859344
"1712","Aberdeen, Scotland (UK)",-2.094278,57.149717
"1713","Grays, England (UK)",0.3230151,51.4784037
"1714","Zaragoza (Spain)",-0.8890853,41.6488226
"1715","Male (Maldives)",73.5093474,4.1754959
"1716","Southampton, England (UK)",-1.4043509,50.9097004
"1717","South Melbourne (Australia)",144.96,-37.835
"1718","Perth, Western Australia (Australia)",115.8604572,-31.9505269
"1719","Daegu (South Korea)",128.601445,35.8714354
"1720","Pengerang (Malaysia)",104.1111109,1.3647023
"1721","Coro (Venezuela)",-69.6810338,11.394604
"1722","Galway (Ireland)",-9.0567905,53.270668
"1723","Doncaster (Australia)",145.124,-37.787
"1724","Bondi (Australia)",151.2766845,-33.8914755
"1725","Winnipeg, MB (Canada)",-97.1383744,49.895136
"1726","Bukit Merah, Central (Singapore)",103.8162192,1.2837702
"1727","Nanjing, Jiangsu (China)",118.796877,32.060255
"1728","Stratford, London, England (UK)",-0.003371,51.5501741
"1729","Pointe-Claire, QC (Canada)",-73.7990191,45.4719655
"1730","Kermānshāh, Kermanshah (Iran)",NA,NA
"1731","Longueuil, QC (Canada)",-73.5107131,45.5369442
"1732","Haarlem (Netherlands)",4.6462194,52.3873878
"1733","Shepherds Bush, England (UK)",-0.2244752,51.5052027
"1734","Chongqing, Chongqing (China)",106.912251,29.4315861
"1735","North Toronto, ON (Canada)",-79.3972346,43.7122244
"1736","Gillingham, England (UK)",0.551438,51.386322
"1737","Limerick, Co. Limerick (Ireland)",-8.6267343,52.6638367
"1738","Greenhithe, England (UK)",0.284623,51.4489903
"1739","Omagh, Northern Ireland (UK)",-7.3099597,54.5977149
"1740","Sydney (Vanuatu)",151.146829,-33.938753
"1741","Castle Hill (Australia)",151.00402,-33.72925
"1742","Wallisellen (Switzerland)",8.5889722,47.4156189
"1743","Kireka (Uganda)",32.6468956,0.3374838
"1744","Bandon (Ireland)",-8.7253133,51.7472382
"1745","Gold Coast (Australia)",153.4,-28.016667
"1746","Basingstoke, England (UK)",-1.0923964,51.26654
"1747","Kingston, East of England, England (UK)",-0.0420587,52.175297
"1748","Manchester City Centre, England (UK)",-2.2418917,53.4766605
"1749","Cheltenham, Victoria (Australia)",145.068,-37.967
"1750","Covent Garden, England (UK)",-0.1240436,51.5116571
"1751","Aha (Turkey)",NA,NA
"1752","Laval, QC (Canada)",-73.712409,45.6066487
"1753","Gateshead, England (UK)",-1.603411,54.95268
"1754","Solihull, England (UK)",-1.77761,52.411811
"1755","Quebec, QC (Canada)",-71.2079809,46.8138783
"1756","Aha (Nigeria)",3.5028723,8.5864937
"1757","Saskatoon, SK (Canada)",-106.6700458,52.1332144
"1758","Etobicoke, ON (Canada)",-79.5131983,43.6204946
"1759","Chengdu, Sichuan (China)",104.066801,30.572815
"1760","Sheffield, England (UK)",-1.470085,53.381129
"1761","Eastbourne, England (UK)",0.290472,50.768035
"1762","Wakefield, England (UK)",-1.505924,53.683298
"1763","Arifiye (Turkey)",30.3666099,40.695581
"1764","Dartford, England (UK)",0.216872,51.44621
"1765","Maple, ON (Canada)",-79.5272836,43.8517618
"1766","Cupo (Chile)",-68.3167,-22.1167
"1767","Ho Chi Minh City (Vietnam)",106.6296638,10.8230989
"1768","Raheny (Ireland)",-6.1750943,53.3804065
"1769","Sunshine (Australia)",144.832,-37.781
"1770","Cardiff, Wales (UK)",-3.17909,51.481581
"1771","Turin (Italy)",7.686864,45.0703393
"1772","Peterborough, ON (Canada)",-78.319747,44.309058
"1773","Uxbridge, England (UK)",-0.479611,51.5485
"1774","Moncton, NB (Canada)",-64.7782313,46.0878165
"1775","Garden City (Australia)",153.0822254,-27.5626135
"1776","Kolhapur, Maharashtra (India)",74.2432527,16.7049873
"1777","Victoria (Chile)",-72.3515084,-38.2326538
"1778","Niagara Falls, ON (Canada)",-79.0849436,43.0895577
"1779","Tampere (Finland)",23.7609535,61.4977524
"1780","Rye (Australia)",144.838,-38.377
"1781","Midtown Toronto, ON (Canada)",-79.4028639,43.6985295
"1782","Gorakhpur, Uttar Pradesh (India)",75.6702647,29.4438165
"1783","Brossard, QC (Canada)",-73.4619103,45.4514357
"1784","Johannesburg (South Africa)",28.0473051,-26.2041028
"1785","Charlottetown, PE (Canada)",-63.1310704,46.23824
"1786","New England (South Africa)",27.48889,-30.86139
"1787","Southend-on-Sea, England (UK)",0.7077123,51.5459269
"1788","Jodhpur, Rajasthan (India)",73.0243094,26.2389469
"1789","Helsinki, Southern Finland (Finland)",24.9383791,60.1698557
"1790","Roma (Australia)",148.7837619,-26.5694477
"1791","Knocknaheeny (Ireland)",-8.5055826,51.9064663
"1792","Marbella (Spain)",-4.8824474,36.510071
"1793","California, Santander (Colombia)",-72.94626,7.34719
"1794","Kabul (Afghanistan)",69.207486,34.5553494
"1795","Davao (Philippines)",125.455341,7.190708
"1796","Montréal-Ouest, QC (Canada)",-73.567256,45.5016889
"1797","Oberhausen, Nordrhein-Westfalen (Germany)",6.8637765,51.4963341
"1798","Rosny-sous-Bois (France)",2.485932,48.875661
"1799","Marne-la-Vallée, Seine-et-Marne, Ile-de-France (France)",2.598505,48.859276
"1800","Brussels (Belgium)",4.3517211,50.8503463
"1801","Augsburg, Bayern (Germany)",10.89779,48.3705449
"1802","Nice (France)",7.2619532,43.7101728
"1803","Ismaning (Germany)",11.6742738,48.2258973
"1804","Bordeaux, Aquitaine (France)",-0.57918,44.837789
"1805","Aix-en-Provence (France)",5.447427,43.529742
"1806","Deventer (Netherlands)",6.1552165,52.2660751
"1807","Rimouski, QC (Canada)",-68.5349704,48.4389803
"1808","Beaufort, SC",-80.6698286,32.4315813
"1809","Redmont Park, AL",-86.7805961,33.4989452
"1810","Sarasota, FL",-82.5306527,27.3364347
"1811","China, TX",-94.3357433,30.047992
"1812","Newport Coast, CA",-117.8369007,33.5973864
"1813","London, KY",-84.0832646,37.1289771
"1814","Lehi, UT",-111.8507662,40.3916172
"1815","Cheyenne, WY",-104.8202462,41.1399814
"1816","Delhi, NY",-74.9159946,42.2781401
"1817","Chevy Chase, MD",-77.0788667,38.9692771
"1818","Auburn, AL",-85.4807825,32.6098566
"1819","Redmond, WV",-82.1340332,38.8042481
"1820","Manchester, TN",-86.0885993,35.4817431
"1821","Bellingham, WA",-122.4786854,48.7519112
"1822","Canada, KS",-97.112803,38.3541802
"1823","Wilsonville, OR",-122.7726501,45.3029903
"1824","Conroe, TX",-95.4560512,30.3118769
"1825","Sweden, MO",-92.5009982,36.8775569
"1826","Richardson, TX",-96.7298519,32.9483335
"1827","Coral Springs, FL",-80.2706044,26.271192
"1828","Maple Valley, WA",-122.0369239,47.3733483
"1829","Redmond, OR",-121.1739212,44.2726203
"1830","Driver, AR",-90.0120333,35.6123019
"1831","Spain, SD",-97.7859363,45.7030061
"1832","Redmon, IL",-87.8616975,39.6453125
"1833","San Juan, PR",-66.1057355,18.4655394
"1834","West Lake Sammamish, WA",-122.1168632,47.5891846
"1835","South West Fargo, ND",-96.900362,46.8735781
"1836","Snohomish, WA",-122.0981847,47.9128756
"1837","Pepperell, MA",-71.5884363,42.6659232
"1838","Warren, MI",-83.0146526,42.5144566
"1839","Mercer Island, WA",-122.2220674,47.5706548
"1840","Puget, WA",-122.7937459,47.146485
"1841","Harrisonburg, VA",-78.8689155,38.4495688
"1842","La Habra, CA",-117.946137,33.9318591
"1843","Prattville, AL",-86.4596966,32.4640245
"1844","Isle of Wight, VA",-76.6874701,36.9288915
"1845","Snoqualmie, WA",-121.8253906,47.5287132
"1846","University Park, MD",-76.941919,38.9703884
"1847","Coconut Creek, FL",-80.1789351,26.2517482
"1848","Argyle, TX",-97.1833475,33.1212321
"1849","Huntingdon Valley, PA",-75.0727956,40.1379904
"1850","Allston, MA",-71.1337112,42.3539038
"1851","Watauga, TX",-97.2547371,32.8579056
"1852","Perth Amboy, NJ",-74.2654234,40.5067723
"1853","Monroe, WA",-121.970958,47.8553772
"1854","Westminster, CA",-117.9897058,33.7591757
"1855","Ball Ground, GA",-84.3779515,34.3372664
"1856","Sandy Hook, CT",-73.2833176,41.4218208
"1857","Pacifica, CA",-122.4869194,37.6138253
"1858","Hillsborough, CA",-122.3794163,37.5741032
"1859","Weston, FL",-80.3997748,26.1003654
"1860","Red Wing, MN",-92.5369563,44.5660691
"1861","Allentown, NJ",-74.5834887,40.1778886
"1862","Kennebunk, ME",-70.54399,43.3845306
"1863","Huntersville, NC",-80.8428504,35.410694
"1864","Fairway, KS",-94.6319018,39.0222277
"1865","North Andover, MA",-71.1350575,42.6987024
"1866","Plainfield, NJ",-74.4073736,40.6337136
"1867","Bonney Lake, WA",-122.1865055,47.1770457
"1868","Chelsea, NY",-74.0013737,40.7465004
"1869","Woodside, CA",-122.2538557,37.4299388
"1870","Richards, TX",-95.8393946,30.5377003
"1871","Sachse, TX",-96.5952703,32.9762327
"1872","Cumming, GA",-84.1401926,34.2073196
"1873","Lake Stevens, WA",-122.0637425,48.015098
"1874","Birmingham, PA",-78.1952892,40.6478421
"1875","Hoffman Estates, IL",-88.1227199,42.0629915
"1876","Galena, MD",-75.8788279,39.3406672
"1877","West Long Branch, NJ",-74.0176381,40.2903891
"1878","Florissant, MO",-90.322614,38.789217
"1879","Mission Viejo, CO",-117.6581562,33.5968913
"1880","North Bend, WA",-121.7867775,47.4956579
"1881","Arvada, CO",-105.0874842,39.8027644
"1882","Medford, OR",-122.8755949,42.3265152
"1883","Poulsbo, WA",-122.6465372,47.735928
"1884","Greenville, OH",-84.6330115,40.1028264
"1885","Mukwonago, WI",-88.3334274,42.8666803
"1886","Prairieville, LA",-90.9723583,30.3058611
"1887","Cedar Rapids, IA",-91.6656232,41.9778795
"1888","Burke, VA",-77.2716505,38.7934466
"1889","Claremont, CA",-117.7197785,34.0966764
"1890","Matthews, NC",-80.7236804,35.1168131
"1891","San Diego, TX",-98.2388953,27.7639145
"1892","Black Diamond, WA",-122.0031692,47.3087121
"1893","Las Colonias, TX",-99.830333,28.7316444
"1894","Covington, WA",-122.1180119,47.3595592
"1895","Carolina, PR",-65.9626213,18.3803255
"1896","Waxhaw, NC",-80.7434019,34.9245935
"1897","Toronto, OH",-80.6009058,40.4642335
"1898","Windham, NH",-71.304229,42.8006441
"1899","Rancho Santa Margarita, CA",-117.602832,33.640171
"1900","Oregon City, OR",-122.6048473,45.3363593
"1901","The Eastern, OH",-80.8959208,40.4970088
"1902","Dunstable, MA",-71.4828433,42.6750898
"1903","Egypt, GA",-81.4739964,32.4618497
"1904","Aliso Viejo, CA",-117.7262981,33.5684605
"1905","Guaynabo, PR",-66.1110682,18.3615548
"1906","Lake Forest, IL",-87.840625,42.2586342
"1907","Castle Rock, CO",-104.8560902,39.3722121
"1908","Mill Valley, CA",-122.5449763,37.9060368
"1909","Humacao, PR",-65.8203943,18.1551337
"1910","Northeast Center, NY",-73.995023,41.981498
"1911","Alpharette, GA",-84.2124192,34.0750988
"1912","Sea Bright, NJ",-73.9740262,40.3614987
"1913","Aurora, IN",-84.9013402,39.0570022
"1914","Israel, TX",-94.8918781,30.7424177
"1915","Pawnee, IL",-89.5803739,39.5917186
"1916","India, PA",-79.1194757,40.3764599
"1917","Hauppauge, NY",-73.2026138,40.8256536
"1918","Redmond, UT",-111.8618705,39.0060727
"1919","Eagle River, AK",-149.56805,61.3293186
"1920","Watertown, SD",-97.1150732,44.8994088
"1921","Bellevue, NE",-95.9145568,41.1543623
"1922","Orange, CT",-73.0265277,41.278637
"1923","Downers Grove, IL",-88.0111746,41.8089191
"1924","North Lauderdale, FL",-80.2258811,26.217305
"1925","Springdale, AR",-94.1288141,36.1867442
"1926","Malvern, PA",-75.5138118,40.0362184
"1927","American Fork, UT",-111.7957645,40.3768954
"1928","Ohio, IL",-89.4609276,41.5575349
"1929","West Los Angeles, CA",-118.442596,34.0412085
"1930","Belgrade (Serbia)",20.4489216,44.786568
"1931","Timişoara (Romania)",21.2086793,45.7488716
"1932","Oslo (Norway)",10.7522454,59.9138688
"1933","Egypt (South Africa)",31.2728994,29.9538353
"1934","Suzhou, Jiangsu (China)",120.585289,31.298974
"1935","Bukit Batok, West (Singapore)",103.7636796,1.3590288
"1936","Leopardstown (Ireland)",-6.1984079,53.2677761
"1937","Raanana (Israel)",34.871326,32.184781
"1938","Swords (Ireland)",-6.2197406,53.4557467
"1939","North Ryde (Australia)",151.11954,-33.79242
"1940","Almaty (Kazakhstan)",76.8512485,43.2220146
"1941","Arctic Bay, NU (Canada)",-85.1480309,73.037575
"1942","Wimborne Minster, England (UK)",-1.9830004,50.8004646
"1943","Basti (India)",82.7633133,26.8176796
"1944","Dhanbad (India)",86.4303859,23.7956531
"1945","Newyork, Scotland (UK)",-74.0059728,40.7127753
"1946","Ashbourne (Ireland)",-6.3973818,53.5111621
"1947","Lund, Skåne (Sweden)",13.1910073,55.7046601
"1948","West Vancouver, BC (Canada)",-123.1601982,49.3286251
"1949","Guangzhou, Guangdong (China)",113.264385,23.12911
"1950","Phagwara (India)",75.7708013,31.2240198
"1951","Ganja (Azerbaijan)",46.3723313,40.6878581
"1952","Lima, Lima Region (Peru)",-77.042754,-12.0463731
"1953","Jumayrah (United Arab Emirates)",55.2452567,25.2016428
"1954","Shinagawa (Japan)",139.7301861,35.6092261
"1955","Addis Ababa (Ethiopia)",38.7577605,8.9806034
"1956","Lon (Spain)",-4.6821779,43.1677555
"1957","Bryanston (South Africa)",28.0244639,-26.0563986
"1958","Ongole (India)",80.049922,15.5057232
"1959","Ankara (Turkey)",32.8597419,39.9333635
"1960","Duhok (Iraq)",42.9488574,36.8679054
"1961","Tallinn (Estonia)",24.7535747,59.4369608
"1962","Ajmer (India)",74.6399163,26.4498954
"1963","Sandyford (Ireland)",-6.2207197,53.2719967
"1964","Irbid (Jordan)",35.8479094,32.5569557
"1965","Kongens Lyngby (Denmark)",12.4949429,55.763516
"1966","San Salvador (El Salvador)",-89.2181911,13.6929403
"1967","Pontedera (Italy)",10.6363586,43.6625156
"1968","Schiphol (Netherlands)",4.7682744,52.3105386
"1969","Belagave (India)",74.4976741,15.8496953
"1970","Kali De (India)",80.2734334,29.1389746
"1971","Abuja, Niger (Nigeria)",7.398574,9.0764785
"1972","Issy-les-Moulineaux (France)",2.2743419,48.8245306
"1973","Accra (Ghana)",-0.1869644,5.6037168
"1974","Global Village Park (India)",77.5014042,12.9187647
"1975","Quito (Ecuador)",-78.4678382,-0.1806532
"1976","Salo, Western Finland (Finland)",NA,NA
"1977","Bak (Bosnia and Herzegovina)",18.2318208,43.4459041
"1978","Kon Hang (Hong Kong)",114.19503,22.426923
"1979","Loznica, Toplica, Central Serbia (Serbia)",19.2067663,44.5313463
"1980","Basel (Switzerland)",7.5885761,47.5595986
"1981","Goro, Dire Dawa (Ethiopia)",41.850142,9.6008747
"1982","Kiev (Ukraine)",30.5234,50.4501
"1983","Muscat (Oman)",58.4059227,23.58589
"1984","Udaipur, Rajasthan (India)",73.712479,24.585445
"1985","Roma (Italy)",12.4963655,41.9027835
"1986","Marseille (France)",5.36978,43.296482
"1987","Vienna (Austria)",16.3738189,48.2081743
"1988","Khabarovsk (Russia)",135.1011706,48.5157837
"1989","Shillong (India)",91.8932535,25.5787726
"1990","Egham, England (UK)",-0.547876,51.428825
"1991","Helsinki, Western Finland (Finland)",24.9239972,60.1592044
"1992","Kurnool (India)",78.0372792,15.8281257
"1993","Oakville, ON (Canada)",-79.6876659,43.467517
"1994","Thornhill, ON (Canada)",-79.4591378,43.8079675
"1995","Twycross, England (UK)",-1.504612,52.642629
"1996","Barueri (Brazil)",-46.8729457,-23.5113303
"1997","Auckland, Auckland (New Zealand)",174.7633315,-36.8484597
"1998","Zelenograd (Russia)",37.2021514,55.9871526
"1999","Port Louis (Mauritius)",57.5012222,-20.1608912
"2000","Vila Nova Conceição (Brazil)",-46.6727333,-23.5917828
"2001","Guildford, England (UK)",-0.570409,51.23622
"2002","Riga (Latvia)",24.1051865,56.9496487
"2003","Setagaya (Japan)",139.6532473,35.6465721
"2004","Unterschleißheim (Germany)",11.5672,48.28412
"2005","Oddesund Syd (Denmark)",8.565908,56.571019
"2006","Heddon on the Wall, England (UK)",-1.802084,54.998474
"2007","Northampton, England (UK)",-0.902656,52.240477
"2008","Fleet, South East England, England (UK)",-0.842655,51.277283
"2009","Néa Smírni, Thessaly (Greece)",22.047637,39.6102887
"2010","Ampang, Selangor Darul Ehsan (Malaysia)",101.7624521,3.149099
"2011","Chicago (Guatemala)",-87.6980303,41.9851402
"2012","Hellerup (Denmark)",12.569196,55.736654
"2013","Danmark (Sweden)",17.7448486,59.8323906
"2014","Södertälje (Sweden)",18.643501,60.128161
"2015","Hangzhou, Zhejiang (China)",120.15507,30.274084
"2016","Emea (Indonesia)",121.5598345,-2.3845939
"2017","Tabrīz, East Azarbaijan (Iran)",46.2682109,37.9035733
"2018","Redmond (Australia)",117.7720107,-34.896304
"2019","Ljubljana (Slovenia)",14.5057515,46.0569465
"2020","Nanigi East (Kenya)",37.906193,-0.023559
"2021","Kampala (Uganda)",32.5825197,0.3475964
"2022","La Serena (Chile)",-71.2519374,-29.9026691
"2023","Guntur (India)",80.4365402,16.3066525
"2024","Recife, Pernambuco (Brazil)",-34.9286096,-8.0522404
"2025","Changping, Beijing (China)",116.231203,40.220659
"2026","Zaventem (Belgium)",4.4709968,50.8854878
"2027","New England (Jamaica)",-71.1151431,42.3097365
"2028","Over Feldborg (Denmark)",8.937514,56.337432
"2029","Vedbæk (Denmark)",9.501785,56.26392
"2030","Haidian, Beijing (China)",116.298326,39.959953
"2031","Fangshan, Beijing (China)",116.143267,39.749144
"2032","Johor Bahru (Malaysia)",103.7413591,1.492659
"2033","Chōfu (Japan)",NA,NA
"2034","Aurangabad, Maharashtra (India)",75.3433139,19.8761653
"2035","Cambridge, South West England, England (UK)",-2.3649,51.73193
"2036","Hà Nội (Vietnam)",108.277199,14.058324
"2037","Herzliyya B (Israel)",34.8073533,32.1596834
"2038","Tashkent (Uzbekistan)",69.2400734,41.2994958
"2039","Tel Aviv (Israel)",34.7817676,32.0852999
"2040","Maracaibo (Venezuela)",-71.6125366,10.642707
"2041","Kfar Saba (Israel)",34.90761,32.178195
"2042","Srinagar, Jammu and Kashmir (India)",74.7972825,34.0836708
"2043","Blackburn, England (UK)",-2.487529,53.748575
"2044","Pudong, Shanghai (China)",121.544379,31.221517
